time,open,high,low,close,EMA,EMA,EMA,EMA,EMA,Volume,RSI,Regular Bullish,Regular Bullish Label,Hidden Bullish,Hidden Bullish Label,Regular Bearish,Regular Bearish Label,Hidden Bearish,Hidden Bearish Label,Open Interest (열기),Open Interest (고가,Open Interest (저가),Open Interest (닫기),SMA,CVD
1502668800,4261.48,4485.39,3850,4086.29,,,,,,2843.431426,,,,,,,,,,,,,,,
1503273600,4069.13,4453.91,3400,4310.01,,,,,,4599.396629,,,,,,,,,,,,,,,
1503878400,4310.01,4939.19,4124.54,4509.08,,,,,,4753.843376,,,,,,,,,,,,,,,
1504483200,4505,4788.59,3603,4130.37,,,,,,6382.787745,,,,,,,,,,,,,,,
1505088000,4153.62,4394.59,2817,3699.99,,,,,4147.147999999999,8106.705127,,,,,,,,,,,,,,,
1505692800,3690,4123.2,3505.55,3660.02,,,,,3984.7719999999995,5908.32335,,,,,,,,,,,,,,,
1506297600,3660.02,4406.52,3653.69,4378.48,,,,,4116.008,5782.305424,,,,,,,,,,,,,,,
1506902400,4400,4658,4110,4640,,,,,4290.672,4708.272956,,,,,,,,,,,,,,,
1507507200,4640,5922.3,4550,5709.99,,,,,4763.777999999999,7913.925837,,,,,,,,,,,,,,,
1508112000,5710,6171,5037.95,5950.02,,,,,5159.192,12157.769447,,,,,,,,,,,,,,,
1508716800,5975,6189.88,5286.98,6169.98,,,,,5496.1213333333335,13133.99457,,,,,,,,,,,,,,,
1509321600,6133.01,7590.25,6030,7345.01,,,,,6112.417555555556,11663.209648,,,,,,,,,,,,,,,
1509926400,7345.1,7770.02,5325.01,5811.03,,,,,6011.955037037037,18916.3199,,,,,,,,,,,,,,,
1510531200,5839.94,8123.15,5699.99,8038,,,,,6687.303358024691,19791.101011,,,,,,,,,,,,,,,
1511136000,8057.11,9350,7801,9128.02,,,,,7500.875572016461,28921.859792,75.70262882335608,,,,,,,,,,,,,,
1511740800,9128,11825,8520,11165.41,,,,,8722.387048010974,48427.94965,80.14451402945132,,,,,,,,,,,,,,
1512345600,11165.41,17204.99,10802,14899.98,,,,,10781.584698673982,72429.024191,85.40978611318559,,,,,,,,,,,,,,
1512950400,14946.26,19798.68,14666.56,18860.02,,,,,13474.396465782655,67850.979686,88.80104802023975,,,,,88.80104802023975,,88.80104802023975,,,,,,,
1513555200,18865,19300,10961,13500,,,,,13482.930977188436,135382.820805,66.32853660975127,,,,,,,,,,,,,,
1514160000,13500,16498.05,11750,13716.36,,,,7685.402999999998,13560.740651458958,116522.754321,66.69492289426395,,,,,,,,,,,,,,56916.249926050004
1514764800,13715.65,17176.24,12750,16150.03,,,,8491.55795238095,14423.83710097264,120239.399359,70.57360096813798,,,,,,,,,,,,,,85910.45446109286
1515369600,16218.85,16322.3,11400,13474.99,,,,8966.17052834467,14107.55473398176,137537.904565,62.023299405089126,,,,,,,,,,,,,,99044.45812946497
1515974400,13477.98,14249.99,9035,11530,,,,9210.344763740415,13248.369822654508,303127.502137,56.64921111907707,,,,,,,,,,,,,,82058.31838780164
1516579200,11530,12244,9900.24,11879.95,,,,9464.592881479422,12792.229881769672,198030.051117,57.36500739066138,,,,,,,,,,,,,,85549.91110886817
1517184000,11879.95,11975.02,7930,8184.81,,,,9342.708797529001,11256.423254513114,202016.407759,48.2968189401974,,,,,,,,,,,,,,69469.31330802359
1517788800,8179.99,9065.78,6000.01,8063.88,,,,9220.915578716716,10192.24216967541,340791.764516,48.029230743606384,,,,,,,,,,,,,,22463.842486688023
1518393600,8063.82,11274,8053,10383.43,,,,9331.631237886553,10255.971446450274,311863.068137,53.36629813399143,,,,,,,,,,,,,,9636.32775662251
1518998400,10375.01,11786.01,9274.8,9590,,,,9356.237786659263,10033.980964300183,350623.132911,51.421054157224894,,,,,,,,,,,,,,-35362.198228770096
1519603200,9590,11565,9350,11515,,,,9561.83418792981,10527.653976200121,183797.561533,55.645337849143516,,,,,,,,,,,,,,-58570.62064098245
1520208000,11515,11710,8329,9533.57,,,,9559.142360507924,10196.29265080008,282035.225382,50.75317515974953,,,,,,,,,,,,,,-106429.21476460315
1520812800,9533.57,9888.88,7322,8189.99,,,,9428.746897602407,9527.525100533387,315834.721189,47.691344594260656,,,,,,,,,,,,,,-179809.34479921235
1521417600,8189,9177.01,8088.4,8470.15,,,,9337.451954973605,9175.066733688924,285209.670184,48.39050182703008,,,,,,,,,,,,,,-219038.06528919213
1522022400,8470.14,8514.89,6430,6813.01,,,,9097.028911642785,8387.714489125949,308727.870203,44.593743253538236,44.593743253538236,,44.593743253538236,,,,,,,,,,,-283933.37146612623
1522627200,6813.01,7520,6500,7018,,,,8899.026158152996,7931.142992750632,232320.070499,45.16687440843546,,,,,,,,,,,,,,-320522.4512929714
1523232000,7011.04,8429.54,6611,8355,,,,8847.214143090805,8072.428661833755,259876.174588,48.88103497156913,,,,,,,,,,,,,,-328876.7449850693
1523836800,8355.07,9035,7825.4,8787.02,,,,8841.481367558348,8310.625774555836,233025.38619,50.05820434421701,,,,,,,,,,,,,,-314242.4977360151
1524441600,8785.7,9759.82,8651.62,9419,,,,8896.4831420766,8680.083849703891,306668.07214,51.80655693614757,,,,,,,,,,,,,,-271795.5052592518
1525046400,9417.04,10020,8800.49,9659.01,,,,8969.104747593115,9006.392566469262,222274.38854,52.4868397073352,,,,,52.4868397073352,,52.4868397073352,,,,,,,-212222.09410979925
1525651200,9661.02,9689.67,8153,8679.71,,,,8941.543343060437,8897.498377646174,224151.298751,49.42143400293413,,,,,,,,,,,,,,-179670.08390324694
1526256000,8679.71,8879.99,7911.9,8526.98,,,,8902.061119911825,8773.992251764115,182713.332084,48.94136146402526,,,,,,,,,,,,,,-167619.5348672234
1526860800,8526.97,8595.31,7231.11,7338.99,,,,8753.197203729746,8295.658167842743,190892.626838,45.25866145048513,,,,,,,,,,,,,,-174896.90734301164
1527465600,7338.99,7786.69,7032.95,7714.26,,,,8654.250803374533,8101.858778561828,211928.638229,46.62495585514365,,,,,,,,,,,,,,-161297.51689453435
1528070400,7714.26,7765,6622.81,6764.99,,,,8474.321203053149,7656.235852374552,211352.257072,43.65664214467637,,,,,,,,,,,,,,-169122.09287657868
1528675200,6765,6922,6118.68,6449.61,,,,8281.491564667134,7254.027234916368,234080.841171,42.68436677579948,,,,,,,,,,,,,,-198494.88459090452
1529280000,6444.06,6841.74,5750,6136.97,,,,8077.251415651217,6881.674823277579,234141.140657,41.69308290303668,41.69308290303668,,41.69308290303668,,,,,,,,,,,-247369.42382358026
1529884800,6137.95,6528.99,5780,6356.81,,,,7913.399852255863,6706.7198821850525,207746.559006,42.70076804496079,,,,,,,,,,,,,,-271803.8584620964
1530489600,6360.82,6818.16,6271.62,6712.1,,,,7798.99034251721,6708.513254790035,211526.019058,44.37395290776554,,,,,,,,,,,,,,-273765.86893903965
1531094400,6712.1,6802.06,6070,6353.01,,,,7661.277928944142,6590.012169860023,192452.84988,43.007043523736094,,,,,,,,,,,,,,-293869.86412103585
1531699200,6354.15,7700,6330.4,7394.79,,,,7635.898126187557,6858.271446573349,294313.222604,48.01065248662456,,,,,,,,,,,,,,-284029.3623710324
1532304000,7394.78,8491.77,7375,8211,,,,7690.6697332173135,7309.180964382233,288666.047141,51.59617486847954,,,,,51.59617486847954,,51.59617486847954,,,,,,,-247634.04677426742
1532908800,8210.99,8273,6882.29,7024.19,,,,7627.195472910903,7214.183976254822,282090.103584,46.56717178166091,,,,,,,,,,,,,,-241570.6758613848
1533513600,7024.19,7160,5971,6308.33,,,,7501.5892373955785,6912.232650836548,334426.550743,43.79439739541286,,,,,,,,,,,,,,-267934.91653477674
1534118400,6308.56,6620,5880,6477.53,,,,7404.059786215047,6767.331767224365,378189.296487,44.63354495347617,,,,,,,,,,,,,,-255770.24890717896
1534723200,6477.53,6882.54,6220,6700,,,,7337.006473242185,6744.887844816243,286906.539311,45.77978542401584,,,,,,,,,,,,,,-217439.68873830477
1535328000,6700,7345.45,6646.5,7302.01,,,8203.203272727273,7333.673475790549,6930.5952298774955,294674.913005,48.86485823693028,,,,,,,,,,,,,,-154695.38068027576
1535932800,7302,7410,6111,6250.81,,,8133.474941558441,7230.543620953354,6704.0001532516635,306151.982787,44.14182696805554,,,,,,,,,,,,,,-127084.05270272569
1536537600,6252.26,6584.99,6169.68,6505,,,8075.315122217068,7161.444228481606,6637.666768834442,227428.182854,45.51325442090201,,,,,,,,,,,,,,-80442.54807027563
1537142400,6500.08,6839.03,6123,6708,,,8026.482439280744,7118.2590638643105,6661.111179222961,244256.490121,46.639995757182284,,,,,,,,,,,,,,-14980.568629392234
1537747200,6706.81,6814.8,6325.02,6626.57,,,7976.485566449289,7071.431533972472,6649.597452815307,242598.872471,46.22704094310345,,,,,,,,,,,,,,21142.282057978453
1538352000,6626.57,6697,6430,6615.26,,,7927.870367647529,7027.986625975093,6638.151635210205,141836.476483,46.165900554278586,,,,,,,,,,,,,,40316.62539579003
1538956800,6615.26,6715.6,6205,6339.34,,,7871.137140231545,6962.401233025084,6538.547756806804,166305.048178,44.61557172112485,,,,,,,,,,,,,,41826.264779714795
1539561600,6339.34,7680,6300,6590.11,,,7825.3861709375615,6926.944925117933,6555.735171204536,211592.623139,46.37804380924742,,,,,,,,,,,,,,63343.807378408615
1540166400,6590.12,6639,6453,6489.93,,,7777.691307689792,6885.324456059082,6533.8001141363575,75328.885385,45.75167275649317,,,,,,,,,,,,,,75637.88064532207
1540771200,6489.93,6525,6245.02,6485.85,,,7731.554118129442,6847.2792697677405,6517.816742757572,71945.400607,45.72458750528905,,,,,,,,,,,,,,79909.14687662473
1541376000,6485.85,6615.15,6355,6449.81,,,7685.777542481962,6809.425053599384,6495.147828505048,76161.78188,45.46852495963015,,,,,,,,,,,,,,76520.12281161285
1541980800,6450.71,6498,5403.42,5662,,,7613.499773107606,6700.14647706611,6217.431885670032,205081.183938,40.17253782882598,,,,,,,,,,,,,,53922.32161584019
1542585600,5661.94,5664,3652.66,4085.78,,,7487.509781210906,6451.159193536004,5506.881257113355,496323.79998,32.11319544804243,,,,,,,,,,,,,,-13792.2413689065
1543190400,4088.69,4450.38,3689.12,4161.01,,,7368.706217596231,6233.049746532575,5058.257504742237,479458.799151,32.80607739177185,,,,,,,,,,,,,,-29395.055578820175
1543795200,4160.55,4179,3222,3545.37,,,7232.158495539223,5977.080246862806,4553.961669828158,406435.817854,30.098738500705764,,,,,,,,,,,,,,-82220.06061198017
1544400000,3548.49,3610,3156.26,3228.67,,,7089.176763555679,5715.3268900187295,4112.197779885439,249791.790787,28.782824105601463,28.782824105601463,,28.782824105601463,,,,,,,,,,,-153803.80714550585
1545004800,3229.22,4139.99,3216,3929.71,,,6976.338664857261,5545.268138588374,4051.3685199236256,489096.276467,35.50464869915841,,,,,,,,,,,,,,-171989.45625041006
1545609600,3929.71,4198,3535,3801.91,,,6862.96621254093,5379.234030151386,3968.2156799490836,332161.255442,34.85871704893847,,,,,,,,,,,,,,-220077.5440540853
1546214400,3803.12,4027.71,3630.33,3987.6,,,6760.27456209304,5246.697455851254,3974.6771199660557,214860.906242,36.661774572957526,,,,,,,,,,,,,,-243122.87052007718
1546819200,3987.62,4069.8,3441.3,3476.81,,,6643.007970589717,5078.136745770182,3808.7214133107036,245887.277948,33.88347086074285,,,,,,,,,,,,,,-287391.2399843556
1547424000,3477.56,3720,3467.02,3539.28,,,6532.160543068656,4931.578960458736,3718.9076088738025,199395.792965,34.53686739016598,,,,,,,,,,,,,,-308453.4987410836
1548028800,3539.26,3662.94,3434.85,3550.84,,,6425.684809387632,4800.080011843618,3662.885072582535,154566.450861,34.66553822119704,,,,,,,,,,,,,,-312789.2137246947
1548633600,3550.05,3557.75,3349.92,3458.11,,,6319.699994766645,4672.273344048988,3594.6267150550234,186574.105423,34.08675479324525,,,,,,,,,,,,,,-334480.9658930095
1549238400,3458.11,3733.58,3373.1,3680.06,,,6225.427137810694,4577.776835091941,3623.104476703349,198350.673988,36.806391345211175,,,,,,,,,,,,,,-335216.29652262764
1549843200,3679.75,3700.11,3568.11,3667.58,,,6134.075454317455,4491.091422226043,3637.929651135566,167995.805139,36.7146591482145,,,,,,,,,,,,,,-351881.1961531393
1550448000,3667.62,4198,3655,3743.56,,,6048.699902377546,4419.89795344261,3673.1397674237105,301384.22226,37.73215299716098,,,,,,,,,,,,,,-338255.7032226498
1551052800,3743.56,3888,3677.17,3807.75,,,5968.665977292634,4361.598148352838,3718.00984494914,190343.246726,38.62986802625762,,,,,,,,,,,,,,-307799.94802592124
1551657600,3807.32,3971.75,3670.69,3916.82,,,5895.385763817897,4319.238324700186,3784.27989663276,207833.42997,40.207281571831444,,,,,,,,,,,,,,-260451.08094602398
1552262400,3915.99,4056.98,3810.43,3981.14,,,5827.0198436815435,4287.038484252549,3849.8999310885065,185620.344813,41.16763310827813,,,,,,,,,,,,,,-199933.50170106933
1552867200,3981.85,4069.32,3880.01,3992.18,,,5761.489849264345,4258.956723847545,3897.326620725671,156283.263483,41.34178112367595,,,,,,,,,,,,,,-130295.38110011036
1553472000,3991.35,4140,3888.71,4103.95,,,5702.291997504904,4244.194178719207,3966.2010804837805,178114.875049,43.175687905437094,,,,,,,,,,,,,,-50326.14102790938
1554076800,4102.44,5275.01,4067,5170.27,,,5683.291211879729,4332.391875984044,4367.557386989187,420989.968738,56.99085594351487,,,,,,,,,,,,,,62121.26367912961
1554681600,5170.27,5422,4861.22,5131.3,,,5663.577240026882,4408.478363985564,4622.138257992791,247866.407405,56.4507003800474,,,,,,,,,,,,,,140253.06723264107
1555286400,5131.28,5333.42,4950,5256.14,,,5649.025910025922,4489.208043605987,4833.472171995194,168555.911745,57.829590100232316,,,,,,,,,,,,,,226996.69061391335
1555891200,5257.41,5600,5102,5307.52,,,5636.829270382139,4567.142515643512,4991.4881146634625,247392.823904,58.41320826393479,,,,,,,,,,,,,,329040.237854493
1556496000,5309.81,5900,5178.8,5775.62,,,5641.786082154205,4682.235609391749,5252.865409775642,191971.589975,63.38496283036397,,,,,,,,,,,,,,439648.3605935889
1557100800,5773.18,7521.78,5619.14,6967.31,,,5689.12622207727,4899.861741830629,5824.346939850428,313283.734225,72.42357206464757,,,,,,,,,,,,,,569558.9225218185
1557705600,6968.24,8366,6870,8148.48,,,5776.96028557451,5209.253956894379,6599.057959900285,461287.694139,78.17452310111872,,,,,,,,,,,,,,731029.2113272643
1558310400,8147.94,8740,7461,8614.43,,,5878.298489661134,5533.556437190153,7270.848639933523,341677.39881,79.95079861758603,,,,,,,,,,,,,,909662.0820379058
1558915200,8612.54,9074.26,8005,8725.98,,,5980.001400744665,5837.5967765053765,7755.8924266223485,292049.043812,80.36283941704042,,,,,80.36283941704042,,80.36283941704042,,,,,,,1099096.493043915
1559520000,8726,8800.95,7444.58,7628.13,,,6038.8631364323555,6008.123750171531,7713.304951081565,293308.709696,65.98899955326257,,,,,,,,,,,,,,1242555.3687449705
1560124800,7627.57,9333,7511,8953.33,,,6142.951238702629,6288.619583488528,8126.646634054377,274072.058371,72.40507966682208,,,,,,,,,,,,,,1398453.5951764972
1560729600,8953,11392.64,8950,10906.07,,,6313.062623034678,6728.376766013431,9053.121089369584,378253.003065,78.76273112446017,,,,,,,,,,,,,,1575528.467001688
1561334400,10905.95,13970,10525.1,10854.1,,,6475.242529354868,7121.302788297866,9653.447392913056,684152.508772,78.24604955677296,,,,,,,,,,,,,,1670581.683531908
1561939200,10854.1,12000,9727,11406.24,,,6651.349581877908,7529.392046555212,10237.71159527537,517740.071693,79.76481451640504,,,,,,,,,,,,,,1805890.791030012
1562544000,11410,13147.08,10103,10174.18,,,6777.1649539536975,7781.276613549953,10216.534396850248,510462.035678,68.30512040039005,,,,,,,,,,,,,,1879697.8848922965
1563148800,10174.18,11100,9060,10589.45,,,6913.317991312494,8048.721697973768,10340.839597900165,487080.97263,69.87605084026654,,,,,,,,,,,,,,1992864.395780078
1563753600,10590.15,10683.16,9165,9541.54,,,7007.183063051333,8190.894869595314,10074.406398600111,269819.325109,61.5814436334953,,,,,,,,,,,,,,2069556.065144356
1564358400,9541.54,11040,9395,10929.23,,,7147.256167942357,8451.688691538617,10359.347599066741,259518.806019,67.14357166539978,,,,,,,,,,,,,,2163659.842761465
1564963200,10929.99,12330.7,10927.8,11549.97,,,7304.495947658701,8746.763101868271,10756.221732711161,371072.857661,69.28568631757605,,,,,,,,,,,,,,2284141.6280018017
1565568000,11539.08,11577.89,9750,10306.78,,,7411.720378099461,8895.336139785579,10606.407821807441,248273.374665,60.74409331673358,,,,,,,,,,,,,,2369503.874203535
1566172800,10306.17,10949.96,9762,10142.69,,,7509.255007453052,9014.131745520286,10451.835214538294,232471.420413,59.697966869911795,,,,,,,,,,,,,,2424596.247394341
1566777600,10142.69,10604,9320,9724.98,,,7588.388042901157,9081.831579280259,10209.55014302553,211243.550288,57.00654197210085,,,,,,,,,,,,,,2454323.2945395466
1567382400,9723.59,10905.87,9712.5,10381.18,,,7688.130612797544,9205.579047920233,10266.760095350353,281075.664908,60.05337630321279,,,,,,,,,,,,,,2507988.305281209
1567987200,10381.24,10480,9880,10302.01,,,7781.483448054774,9310.001043356402,10278.510063566902,207165.654458,59.50546230138661,,,,,,,,,,,,,,2536812.30028957
1568592000,10303.34,10355,9653,10028.87,,,7861.74725348139,9378.464753512935,10195.296709044602,188644.199623,57.55443603669359,,,,,,,,,,,,,,2544925.0386663727
1569196800,10028.05,10049.99,7750,8043.82,,,7868.24985157134,9251.355729368846,9478.137806029734,364560.064744,45.801275168603695,,,,,,,,,,,,,,2517545.1291269087
1569801600,8043.04,8500,7710,7854.25,,,7867.749856872363,9118.298040857528,8936.841870686489,239129.62607,44.85914754581783,44.85914754581783,,44.85914754581783,,,,,,,,,,,2469998.57991787
1570406400,7855.3,8779.51,7762,8275.01,,,7882.2948619840645,9037.984894109191,8716.231247124326,281416.738734,47.4432526117587,,,,,,,,,,,,,,2453781.867655787
1571011200,8275.24,8403,7816.01,8223.35,,,7894.47540262749,8960.400618479745,8551.937498082883,219241.792311,47.15108436439728,,,,,,,,,,,,,,2418229.4334842837
1571616000,8223.35,10370,7300,9529.93,,,7952.884495390795,9014.641511957865,8877.934998721923,508882.693756,54.742389788875556,,,,,,,,,,,,,,2434527.9638773045
1572220800,9528.23,9902.1,8913,9194.71,,,7997.235406269695,9031.790891771401,8983.526665814616,354362.744327,52.65271013967885,,,,,,,,,,,,,,2415525.420487466
1572825600,9196.46,9513.68,8696,9039.47,,,8034.458070331491,9032.52223541222,9002.17444387641,294282.771612,51.66905053394023,,,,,,,,,,,,,,2370305.7125050407
1573430400,9040.16,9072.32,8350.68,8502.4,,,8051.170282105367,8982.034403468198,8835.582962584274,239532.02348,48.30669686583975,,,,,,,,,,,,,,2306580.0697133224
1574035200,8502.87,8503.52,6790,6903.28,,,8010.174200601604,8784.057793614083,8191.481975056183,422402.004703,39.9670152293838,39.9670152293838,,39.9670152293838,,,,,,,,,,,2208694.7734062443
1574640000,6900.23,7850,6515,7390.89,7491.915833333334,,7988.056907722975,8651.375146603219,7924.617983370788,503259.064291,43.18778782401963,,,,,,,,,,,,,,2168061.3209656496
1575244800,7391.5,7750,7067,7510.11,7492.216563360883,,7970.9873753042975,8542.683227879103,7786.448655580525,331478.231272,43.97916029229958,,,,,,,,,,,,,,2162867.076497683
1575849600,7510.11,7650,7008.35,7118.59,7486.040917685496,,7940.544611900573,8407.055301414426,7563.82910372035,252294.980408,41.914298643126045,,,,,,,,,,,,,,2134139.428606856
1576454400,7119.6,7518.54,6435,7501.44,7486.295447971686,,7924.862304332695,8320.806225089244,7543.032735813566,339611.461697,44.65091461154998,,,,,,,,,,,,,,2140491.6959148697
1577059200,7500.71,7695.38,7076.42,7388.24,7484.674696765543,,7905.697222035099,8231.990394128363,7491.4351572090445,267312.086935,43.990965315460144,,,,,,,,,,,,,,2120780.6913902154
1577664000,7388.43,7495,6871.04,7358.75,7482.5932968190045,,7886.163392676703,8148.824642306614,7447.206771472696,241051.798444,43.80930519191506,,,,,,,,,,,,,,2079989.611254195
1578268800,7357.64,8455,7346.76,8184.98,7494.202994392244,,7896.83541436682,8152.268009705984,7693.131180981797,498017.846898,50.03480941749575,,,,,,,,,,,,,,2090513.6670261764
1578873600,8184.97,9198.98,8055.89,8701.7,7514.161622584108,,7925.580578139434,8204.594865924462,8029.320787321199,468235.627496,53.50427176863026,,,,,,,,,,,,,,2144629.3010575883
1579478400,8701.72,8818,8238,8615,7532.3572982438745,,7950.20270034874,8243.681069169752,8224.547191547466,250977.001765,52.84126743658778,,,,,,,,,,,,,,2169688.49358458
1580083200,8614.39,9578,8535,9331.51,7562.095359429926,,7999.535103907714,8347.283824486918,8593.534794364978,362870.208388,57.52555417733367,,,,,,,,,,,,,,2226920.1638126196
1580688000,9331.59,10166,9093.01,10151.75,7604.899568364969,,8076.399921625296,8519.137745964354,9112.939862909985,364995.864834,62.15941096154022,,,,,62.15941096154022,62.15941096154022,62.15941096154022,,,,,,,2313462.7097174176
1581292800,10151.72,10500,9638.12,9917.27,7643.12056723497,,8142.14528156725,8652.293198729652,9381.049908606657,427067.585189,60.139535920092776,,,,,,,,,,,,,,2351090.005041854
1581897600,9910.7,10250,9350,9936.4,7681.02601240464,,8206.225807225563,8774.589084564923,9566.166605737772,360700.467719,60.25301495976159,,,,,,,,,,,,,,2419486.1739276773
1582502400,9936.4,9990,8411,8531.88,7695.089714678943,,8217.856314110364,8751.473933653977,9221.404403825181,426585.457331,49.18221452529806,,,,,,,,,,,,,,2440741.2355547557
1583107200,8530.3,9188,8000,8033.31,7700.680132618134,,8211.265374320708,8683.077368544074,8825.372935883453,379197.13168,45.954388433187304,,,,,,,,,,,,,,2423857.99305735
1583712000,8034.76,8179.31,3782.13,5361.3,7662.012692409569,,8109.480896666398,8366.717619158924,7670.681957255636,1224228.28324,33.32950173551659,33.32950173551659,,33.32950173551659,,,,,,,,,,,2291989.50858446
1584316800,5360.33,6900,4442.12,5816.19,7631.503226419329,,8027.577650356883,8123.810226858074,7052.5179715037575,1180843.345815,36.52652479743494,,,,,,,,,,,,,,2285141.1984247016
1584921600,5816.05,6957.96,5688,5881.42,7602.576230941323,,7950.929162844137,7910.249252871591,6662.151981002505,770380.80536,36.99310447859826,,,,,,,,,,,,,,2352314.7087906348
1585526400,5880.5,7198,5857.76,6772.78,7588.860590760475,,7908.852407028275,7801.918847836201,6699.027987335003,664784.299583,43.14351364121544,,,,,,,,,,,,,,2476403.532415336
1586131200,6772.78,7459.69,6739.98,6903.79,7577.537109921459,,7872.957321062979,7716.382767089896,6767.281991556669,582787.437382,44.00862702926555,,,,,,,,,,,,,,2644177.938302637
1586736000,6903.79,7293.08,6468.27,7120.74,7569.986744468211,,7846.0924167393005,7659.654884509906,6885.101327704446,501345.258903,45.48782538066172,,,,,,,,,,,,,,2843720.9968581
1587340800,7121.4,7738,6751,7693.1,7572.021674311712,,7840.628401855754,7662.840133604201,7154.434218469631,469098.312947,49.293757434319645,,,,,,,,,,,,,,3068935.984403233
1587945600,7693.1,9460,7606,8894.16,7593.875200356146,,7878.254530360906,7780.108692308562,7734.342812313087,742165.162104,56.203845940010886,,,,,,,,,,,,,,3343384.321906354
1588550400,8894.15,10067,8117,8722.77,7612.534618532078,,7908.415797133731,7869.885959707747,8063.8185415420585,780478.849466,55.05094389729477,,,,,,,,,,,,,,3517363.4035076536
1589155200,8722.77,9939,8200,9680.04,7646.708261200969,,7971.68809009324,8042.281582592724,8602.559027694706,721487.837087,59.98782013159884,,,,,59.98782013159884,,59.98782013159884,,,,,,,3743486.1761075915
1589760000,9681.11,9950,8700,8720.34,7664.454240354672,,7998.425658304196,8106.85857472675,8641.81935179647,517248.177536,53.628469177051315,,,,,,,,,,,,,,3898811.7153612496
1590364800,8718.14,9740,8642.72,9448.27,7693.938798365339,,8050.205813364761,8234.612043800393,8910.63623453098,425528.246167,57.32396395232179,,,,,,,,,,,,,,4079870.845749512
1590969600,9448.27,10380,9266,9746.99,7727.87352897087,,8110.805248601733,8378.648039628926,9189.420823020653,427822.495347,58.77584904138317,,,,,,,,,,,,,,4284431.2489909865
1591574400,9746.99,9992.72,9113,9342.1,7754.554958244079,,8154.780061151671,8470.405369188076,9240.313882013768,336172.714299,55.99513761484342,,,,,,,,,,,,,,4437493.260085749
1592179200,9342.1,9589,8910.45,9294.69,7780.011735793763,,8195.491130396254,8548.90866736064,9258.439254675846,323565.711842,55.66305842319861,,,,,,,,,,,,,,4545162.154710345
1592784000,9294.69,9780,8833,9116.35,7802.099971565767,,8228.378947167817,8602.950699040579,9211.076169783897,343600.997501,54.35715354633407,,,,,,,,,,,,,,4609852.964370598
1593388800,9116.16,9292,8893.03,9069.41,7823.047244763027,,8258.415770483252,8647.375394370047,9163.854113189265,247256.195125,53.99806489369323,53.99806489369323,,53.99806489369323,,,,,,,,,,,4644834.535479874
1593993600,9069.41,9470,9055.92,9302.75,7847.505141543804,,8295.713421537423,8709.792023477661,9210.152742126176,284964.999673,55.56936201886985,,,,,,,,,,,,,,4703624.052166648
1594598400,9303.31,9343.82,9047.25,9208.99,7870.009023501758,,8328.3304421968,8757.33468790836,9209.76516141745,247602.692095,54.75997075788294,,,,,,,,,,,,,,4733233.358493254
1595203200,9208.99,10111,9131,9931.54,7904.083915675283,,8385.587926404058,8869.163765250421,9450.3567742783,346433.535115,59.63886556825197,,,,,,,,,,,,,,4793016.400894944
1595808000,9931.54,12123.46,9917.21,11071.35,7956.435421201311,,8481.508000461055,9078.895787607524,9990.687849518867,637793.811724,65.88842729080261,,,,,,,,,,,,,,4907848.087993996
1596412800,11071.36,11909.94,10936,11681.68,8018.009711759967,,8595.799857587446,9326.77999831157,10554.351899679245,403167.45146,68.68458289523326,,,,,,,,,,,,,,5050140.324079806
1597017600,11681.69,12067.35,11125,11911,8082.356658673026,,8714.19986267361,9572.896188948562,11006.567933119497,468167.72232,69.68991297086421,,,,,69.68991297086421,,69.68991297086421,,,,,,,5223468.320759349
1597622400,11910.99,12468,11376.81,11648.13,8141.295061009009,,8818.983081863838,9770.537504286795,11220.421955412998,426710.483502,67.03332023399003,,,,,,,,,,,,,,5339649.795516839
1598227200,11648.12,11824.9,11117.64,11711.16,8200.301093058448,,8922.275114654416,9955.358694354718,11384.001303608666,355153.169372,67.35466201284386,,,,,,,,,,,,,,5478590.4792852355
1598832000,11711.17,12050.85,9825,10256.2,8234.282893173184,,8969.915289131044,9984.010247273316,11008.06753573911,581777.756525,54.21705327029509,54.21705327029509,,54.21705327029509,,,,,,,,,,,5548891.311597118
1599436800,10255.89,10580.11,9850,10332.83,8268.969622211644,,9018.59081451922,10017.23117610443,10782.988357159407,366759.994048,54.71801730969142,,,,,,,,,,,,,,5647426.34978863
1600041600,10332.84,11179.79,10212.34,10920.28,8312.792934241203,,9086.508285429249,10103.235825999245,10828.752238106272,374339.558814,58.46968847309326,,,,,,,,,,,,,,5772228.485182284
1600646400,10920.28,10988.86,10136.82,10774.25,8353.478174997546,,9146.784775235346,10167.141937808841,10810.584825404181,331299.291081,57.20098908712187,,,,,,,,,,,,,,5853592.389483115
1601251200,10774.26,10950,10374,10666.63,8391.712089460398,,9201.064961834083,10214.712229446095,10762.599883602787,288073.126989,56.2325960254077,,,,,,,,,,,,,,5899771.814613485
1601856000,10666.62,11491,10525,11369.02,8440.923790461053,,9278.491927482866,10324.646302832181,10964.739922401857,288404.145494,60.88676247933154,,,,,,,,,,,,,,5969020.260730867
1602460800,11369.02,11720.01,11172,11503.14,8491.538934420374,,9357.943644358478,10436.883797800545,11144.206614934572,279657.097047,61.723752700681075,,,,,,,,,,,,,,6058307.625984404
1603065600,11503.14,13350,11407.96,13028.83,8566.53548095888,,9489.046728488533,10683.735817057635,11772.414409956382,418993.354681,69.6738339295135,,,,,,,,,,,,,,6178995.561659604
1603670400,13029.64,14100,12765,13761.5,8652.402663091792,,9641.634345328228,10976.8562154331,12435.44293997092,485344.056262,72.61538043567109,,,,,,,,,,,,,,6334412.651676404
1604275200,13761.49,15960,13195.05,15475.1,8765.174519900193,,9849.972404423648,11405.260385391852,13448.661959980614,665037.146452,77.99215130400447,,,,,,,,,,,,,,6538364.985163223
1604880000,15475.1,16480,14805.54,15957,8884.047668331594,,10068.08053283709,11838.759396306914,14284.774639987076,529729.426496,79.227355510796,,,,,,,,,,,,,,6773343.70846044
1605484800,15957,18965.9,15864,18414.43,9041.574649020327,,10366.164442378622,12465.01373951578,15661.32642665805,684197.642829,84.12152386005195,,,,,,,,,,,,,,7051105.185998779
1606089600,18413.88,19484.21,16188,18184.99,9192.705481267925,,10645.40821229367,13009.77338337142,16502.547617772034,676351.579974,82.17482591733577,,,,,,,,,,,,,,7237998.753297848
1606694400,18185,19888,18001.12,19359.4,9360.750018767629,,10956.622204711754,13614.499727812237,17454.831745181356,537012.142931,84.19142453558132,,,,,,,,,,,,,,7458236.946847577
1607299200,19358.67,19420.91,17572.33,19174.99,9522.968861432626,,11250.135340257762,14144.070229925357,18028.217830120906,414166.997237,82.61100281388366,,,,,,,,,,,,,,7618055.598417617
1607904000,19174.99,24295,19000,23455.52,9753.258962896549,,11686.041935248557,15030.874969932465,19837.318553413937,650661.7243,88.16469971652548,,,,,,,,,,,,,,7824621.209295273
1608508800,23455.54,28422,21815,26281.66,10026.455674253632,,12207.31400898968,16102.378306129373,21985.432368942624,688051.451739,90.35494665125826,,,,,,,,,,,,,,8077042.614540676
1609113600,26281.54,34778.11,25880,33000.05,10406.18450608415,,12949.911722954335,17711.68037221229,25656.971579295085,625132.263203,93.45553529534162,,,,,,,,,,,,,,8364960.291972516
1609718400,33000.05,41950,28130,38150.02,10864.760299372016,,13849.91558999168,19658.18890819207,29821.321052863386,850700.266152,94.82805250065458,,,,,94.82805250065458,,94.82805250065458,,,,,,,8706476.31118723
1610323200,38150.02,40100,30420,35828.61,11277.385914258428,,14634.868961777693,21198.22901217378,31823.750701908924,895315.076106,86.06597673158555,,,,,,,,,,,,,,8930198.892752351
1610928000,35824.99,37850,28850,32259.9,11624.204328898784,,15264.334355999918,22251.721487204846,31969.133801272616,640226.935785,74.64701291567397,,,,,,,,,,,,,,9071640.567903176
1611532800,32259.45,38531.9,29241.72,33092.98,11979.060125115333,,15901.071700428492,23284.222297947243,32343.74920084841,747463.508509,75.46535540374823,,,,,,,,,,,,,,9270798.608135732
1612137600,33092.97,40955.51,32296.16,38795.69,12422.31020569194,,16718.736639698902,24761.504936237983,34494.39613389894,583439.051648,80.18122716444029,,,,,,,,,,,,,,9506554.839931663
1612742400,38795.69,49707.43,37988.89,48577.79,13019.921441961495,,17856.55997399537,27029.722561358176,39188.86075593263,664178.422718,85.37438786621821,,,,,,,,,,,,,,9783113.185148744
1613347200,48580.47,58352.8,45570.79,57408.57,13753.618112342296,,19269.131760638393,29922.946126943112,45262.09717062175,533487.799699,88.34376275251077,,,,,88.34376275251077,88.34376275251077,88.34376275251077,,,,,,,10084141.002221245
1613952000,57412.35,57508.47,43000,45135.66,14272.329548501928,,20192.936340615594,31371.776019615198,45219.95144708117,737125.746365,67.75517281023527,67.75517281023527,,67.75517281023527,,,,,,,,,,,10286297.051347317
1614556800,45134.11,52640,44950.53,50971.75,14878.93153943578,,21292.179685593608,33238.44020822328,47137.217631387444,490819.562968,71.1931684300306,,,,,,,,,,,,,,10515944.86369643
1615161600,50959.11,61844,49274.67,58968.31,15607.681596635188,,22637.75576825098,35688.9039979163,51080.91508759163,514559.698685,75.10922991149693,,,,,,,,,,,,,,10772727.141410865
1615766400,58976.08,60633.43,53271.34,57351.56,16297.663057847829,,23877.534490813443,37752.01409335284,53171.13005839442,463194.21418,72.94997696911231,,,,,,,,,,,,,,10960940.229421068
1616371200,57351.56,58430.73,50427.56,55777.63,16950.224494908194,,25016.823616141533,39468.73941779543,54039.963372262944,446278.628413,70.81562265595656,,,,,,,,,,,,,,11088725.534914777
1616976000,55777.65,60200,54800.01,58202.01,17632.072189207232,,26202.00884413648,41252.860425624436,55427.312248175294,367453.020712,72.1664798954925,,,,,,,,,,,,,,11239336.33709594
1617580800,58202.01,61500,55473,60002.43,18332.408681947607,,27409.166742560177,43038.533718422106,56952.35149878353,375865.593614,73.16005006384674,,,,,,,,,,,,,,11411399.976556422
1618185600,59998.8,64854,50931.3,56150.01,18957.493001254257,,28435.625430325887,44287.24574523905,56684.904332522354,549048.298032,67.59949265948643,,,,,,,,,,,,,,11514786.288636668
1618790400,56150.01,57526.81,46930,49066.77,19455.167001233527,,29172.452022099962,44742.43853140676,54145.52622168157,562214.25237,58.75678317322846,,,,,,,,,,,,,,11554782.07076927
1619395200,49066.76,58458.07,48753.44,56578.21,20068.771017742063,,30151.22909273925,45869.654861748975,54956.42081445438,395983.456013,64.11726026589365,,,,,,,,,,,,,,11628681.440890484
1620000000,56578.21,59500,52900,58240.84,20699.714306705006,,31154.429482284275,47047.86297015384,56051.22720963625,504478.926303,65.19556760701396,,,,,,,,,,,,,,11743588.387790915
1620604800,58240.83,59500,43825.39,46431.5,21125.033078495006,,31700.039143631264,46989.16173490109,52844.65147309083,684880.148197,53.01037175374745,,,,,,,,,,,,,,11782325.135158256
1621209600,46426.83,46686,30000,34655.25,21348.673027610792,,31805.582388501574,45814.50347443432,46781.51764872722,1386781.052144,44.14899266805733,44.14899266805733,,44.14899266805733,,,,,,,,,,,11685298.282572137
1621814400,34681.44,40841,33379,35641.27,21584.91429988169,,31942.571231769376,44845.62409591677,43068.101765818144,786531.163941,44.9783420575152,,,,,,,,,,,,,,11672419.81251241
1622419200,35641.26,39476,34153.84,35796.31,21819.813402362983,,32080.204759206183,43983.78465821041,40644.1711772121,528299.504937,45.116346241565644,,,,,,,,,,,,,,11711082.101976182
1623024000,35796.31,39380,31000,39020.57,22104.123428770206,13076.90665,32328.07494637739,43511.097547904654,40102.970784808065,700065.604915,48.03536853447331,,,,,,,,,,,,,,11812735.18338769
1623628800,39020.56,41330,33336,35600.16,22327.19841341863,13301.018623631842,32444.93512686391,42757.67492429469,38602.033856538714,610333.962089,45.28386139692203,,,,,,,,,,,,,,11846579.974942004
1624233600,35600.17,35750,28805,34700.34,22531.713150386917,13513.947194540979,32525.485300904485,41990.30969340948,37301.46923769247,907073.707598,44.560718934901296,,,,,,,,,,,,,,11790813.480862767
1624838400,34702.49,36600,32699,35286.51,22742.536238810273,13730.589610515695,32624.09332587218,41351.85257975143,36629.81615846165,464791.763593,45.174922446162476,,,,,,,,,,,,,,11784623.963704694
1625443200,35288.13,35293.78,32077,34258.99,22932.890846433245,13934.852300958326,32682.482492805317,40676.34185787034,35839.540772307766,359766.235404,44.24946989482277,,,,,,,,,,,,,,11744760.473380342
1626048000,34259,34678.43,31020,31778.56,23079.100253930217,14112.401631297049,32650.1995466337,39828.93406188269,34485.880514871846,306160.987079,42.012028015877064,42.012028015877064,,42.012028015877064,,,,,,,,,,,11679535.316698406
1626652800,31778.57,35398,29278,35381.02,23282.43777039418,14324.02967476673,32747.72884853964,39405.32319884624,34784.26034324789,383262.217154,46.261963703025366,,,,,,,,,,,,,,11657023.243238939
1627257600,35381.02,42599,35205.78,39845.44,23556.20640228849,14577.974056112336,33001.21853252037,39447.23908467041,36471.32022883193,568598.509606,51.04990219516178,,,,,,,,,,,,,,11690807.415785708
1627862400,39850.27,45310,37332.7,43794.37,23890.72150307711,14868.684463514204,33386.6882277875,39861.25155279704,38912.33681922129,463107.670711,54.8793909390874,,,,,,,,,,,,,,11765479.540538592
1628467200,43794.36,48144,42779,46973.82,24272.26032120807,15188.13854845436,33871.94293393794,40538.63902395923,41599.497879480856,372867.979811,57.745652878928475,,,,,,,,,,,,,,11868551.270535108
1629072000,46973.82,49757.04,43927.7,49239.22,24684.93734069223,15526.95527931551,34420.774257725876,41367.26578358216,44146.07191965391,357634.462155,59.70955814045939,,,,,,,,,59395.034,59496.616,56943.638,57158.947,,11995867.070261002
1629676800,49239.22,50500,46250,48767.83,25083.001682168393,15857.71025166063,34933.16910566424,42072.081423241005,45686.65794643594,298905.697042,59.094079111980115,,,,,,,,,57191.055,65197.308,56841.638,57568.328,,12082590.346485192
1630281600,48767.84,51900,46512,51756.88,25523.892232876355,16214.915920798336,35534.015923319086,42994.44319245615,47710.06529762396,327484.443638,61.784073032952705,,,,,61.784073032952705,,61.784073032952705,,57589.089,66018.365,55664.527,62507.463,,12192243.257701173
1630886400,51756.88,52920,42843.05,46025.24,25862.757485225506,16511.536060889895,35908.70249748626,43283.09050746033,47148.45686508264,399602.39982,54.39702861712213,,,,,,,,,62509.264,64692.652,42401.386,48296.864,,12253395.663104204
1631491200,46025.23,48843.2,43370,47241.75,26216.129262329217,16817.309333915866,36313.454194004604,43660.10569722601,47179.55457672176,289430.44387,55.61013655879927,,,,,,,,,48269.936,54044.62,45771.037,51641.696,,12336288.834075518
1632096000,47241.75,47347.25,39600,43160.9,26496.20811749733,17079.43461417541,36558.00582993301,43612.5622974902,45840.00305114784,437174.23273,50.734520522789694,50.734520522789694,,50.734520522789694,,,,,,51644.44,51994.964,43643.962,44247.504,,12369651.776122898
1632700800,43160.9,49228.08,40753.88,48200.01,26854.948644480843,17389.09208070103,36973.79169314969,44049.46207868161,46626.67203409856,290620.78115,55.87865346633282,,,,,,,,,44257.757,56751.135,43398.339,48050.595,,12427515.46475148
1633305600,48200.01,56561.31,46891,54659,27314.519741266282,17759.93693561943,37605.4062755372,45059.89426166431,49304.114689399044,424292.258599,61.43688947875979,,,,,,,,,48051.291,55437.085,46214.186,52509.223,,12520277.112424864
1633910400,54659.01,62933,53879,61528.33,27880.037266204028,18195.44333426998,38459.79640855373,46628.31671293438,53378.85312626603,362346.263174,66.29939761289901,,,,,,,,,52509.854,56077.569,48152.341,53226.057,,12638713.48538402
1634515200,61528.32,67000,59510.63,60852.22,28425.03202213454,18619.88887323247,39259.52582253396,47982.97416884539,55869.97541751069,336357.38139,65.42497871230637,,,,,,,,,53233.674,59198.21,51557.089,56951.924,,12713836.167452779
1635120000,60852.22,63710.63,57820,61299.8,28968.416616810002,19044.564605837124,40046.678471729174,49251.243295622015,57679.91694500713,314971.8498,65.7470455336376,,,,,,,,,56951.761,58878.255,51236.207,55292.195,,12811801.627400706
1635724800,61299.81,64270,59405,63273.59,29535.444276036284,19484.654410754167,40876.21102631027,50586.70488651516,59544.47463000475,253033.72432,67.19814406780097,,,,,,,,,55292.7,59693.229,52693.108,56293.532,,12924535.493479306
1636329600,63273.58,69000,62278,65519.1,30130.21544502742,19942.708595721786,41756.31420394205,52008.8377544661,61536.016420003165,294213.107838,68.81667151371073,,,,,68.81667151371073,,68.81667151371073,,56294.092,62669.477,54765.317,57698.823,,13054553.096868325
1636934400,65519.11,66401.82,55600,58622.02,30601.15436329143,20327.57736591361,42358.66083951555,52638.66463499313,60564.68428000211,340150.61676,59.160815965097214,,,,,,,,,57737.128,65525.597,56193.881,56226.349,,13139792.774528865
1637539200,58617.7,59444,53256.64,57274.88,31042.042390344464,20695.21221799407,42891.38295238999,53080.20895546998,59468.08285333474,315216.31943,57.464795402476085,,,,,,,,,56257.104,68317.508,56244.918,62296.353,54664.3902,13186893.785799831
1638144000,57274.89,59176.99,42000.3,49396.33,31345.419045049515,20980.795479506567,43123.70248980464,52729.363340663316,56110.83190222316,390528.912488,48.675987430168625,,,,,,,,,62298.396,67506.269,39245.562,40021.65,53521.90373333333,13192315.7567128
1638748800,49396.32,51936.33,46751,50053.9,31654.650135213986,21270.08010160103,43371.20954374019,52474.55730821919,54091.854601482104,272083.99753,49.37197182670468,,,,,,,,,40014.163,44346.607,37238.351,43509.523,52584.65006666667,13223134.111113105
1639353600,50053.9,50189.97,45456,46681.23,31903.02335611954,21522.927364271665,43489.42456003518,51922.811850293554,51621.64640098807,271834.80183,45.931587960955454,,,,,,,,,43516.765,57372.349,41845.268,56070.646,52155.528933333335,13225128.355396237
1639958400,46681.24,51810,45558.85,50775.49,32214.96495353905,21813.997639254037,43749.641182891064,51813.54310264655,51339.59426732538,209149.39534,50.44590666660664,,,,,,,,,56154.554,75028.545,56002.902,72297.03,53755.54,13246851.661684787
1640563200,50775.48,52088,45678,47286.18,32464.075946042536,22067.45219010723,43875.946140644955,51382.365664299265,49988.45617821692,217365.48034,46.85538975541726,,,,,,,,,72301.576,76537.629,71283.674,73297.806,55199.280666666666,13245804.607342046
1641168000,47286.18,47570,40501,41864.62,32619.45683949638,22264.43893448427,43804.11306419335,50475.91369627076,47280.51078547795,264331.61587,41.86893015192139,,,,,,,,,73298.434,84418.024,73156.218,76158.663,57326.69126666666,13219682.832853852
1641772800,41864.62,44500,39650,43071.66,32792.220528099744,22471.47596001179,43777.954026186446,49770.74667757831,45877.56052365197,232059.06969,43.31530428812807,,,,,,,,,76169.1,80802.526,73698.849,73704.829,59036.97353333333,13218149.710192151
1642377600,43071.66,43505,34008,36244.55,32849.283825155944,22608.521472847493,43508.90388239407,48482.5374701899,42666.55701576798,354513.98432,37.614597867371664,37.614597867371664,,37.614597867371664,,,,,,73704.298,81754.774,70527.895,74129.903,60478.352199999994,13182999.362610614
1642982400,36244.55,38919.98,32917.17,37881.76,32932.46524953353,22760.493995505727,43307.93445802286,47472.9396158861,41071.624677178654,353702.626391,39.66531850679382,,,,,,,,,74136.061,80070.114,71478.655,77273.587,62081.520866666666,13184882.63159789
1643587200,37881.75,42656,36250,42380.87,33088.637228880085,22955.721617440995,43274.82501309347,46987.98060484933,41508.03978478577,258945.75108,45.014402062439906,,,,,,,,,77276.147,83747.112,76675.666,80507.616,63651.90033333333,13211248.041736852
1644192000,42380.87,45821,41645.85,42053.66,33236.81942344405,23145.750855078397,43231.21197691156,46518.04530914939,41689.91318985718,301990.47877,44.70398666729484,,,,,,,,,80520.825,81413.868,70300.208,71699.479,64745.71926666667,13206341.462455913
1644796800,42053.65,44751.4,38000,38386.89,33321.94455694084,23297.40398089851,43058.20047773614,45743.64956542088,40588.90545990479,243150.46162,41.269493255378734,,,,,,,,,71712.168,79351.467,71683.698,73689.964,65905.48139999999,13178744.989618875
1645401600,38386.89,40348.45,34322.28,37699.07,33394.293737817854,23440.704140292557,42866.80296067414,44977.49913061889,39625.62697326986,412333.60531,40.63877864184316,,,,,,,,,73718.022,77084.939,65064.693,65861.239,66449.64246666666,13114506.885117745
1646006400,37699.08,45400,37450.17,38420.81,33477.37665124235,23589.75991999114,42708.01749779292,44353.05254675043,39224.02131551324,376417.0783,41.64654758841736,,,,,,,,,65868.06,77214.122,65827.424,72404.832,67528.208,13092235.940883389
1646611200,38420.8,42594.06,37155,37777.34,33548.450425601986,23730.929871036,42531.921872871746,43726.794208964675,38741.79421034216,374702.60508,40.978592302004095,,,,,,,,,72414.248,76754.391,68926.616,75688.613,68421.02533333332,13036400.076568495
1647216000,37777.35,42400,37555,41262.11,33675.94893096394,23905.369474309275,42486.571448840616,43492.06237953947,39581.89947356144,323387.24539,46.02722348019944,,,,,,,,,75709.685,78156.776,70699.143,75291.159,70772.32593333331,13016680.698892163
1647820800,41262.11,46999,40467.94,46827.76,33893.33423789016,24133.452962127092,42641.61389709631,43809.74786720238,41997.18631570763,315436.15044,52.94958110036824,,,,,52.94958110036824,,52.94958110036824,,75320.518,83869.773,72283.624,80215.675,73219.40273333332,13028880.895322148
1648425600,46827.76,48189.84,44200,46407.35,34100.17747362751,24355.083778424334,42776.10447220001,44057.138546516435,43467.24087713842,312053.15964,52.40284722256238,,,,,,,,,80217.947,80380.016,71179.348,71796.879,74267.81826666665,13010199.819745468
1649030400,46407.36,47200,41868,42158.85,34233.37867241053,24532.235681126578,42754.059669621434,43876.34916113392,43031.11058475895,268118.29111,47.109074441464486,,,,,,,,,71793.393,85223.778,71787.411,84353.016,75071.55066666665,12967762.8188799
1649635200,42158.85,42414.71,39200,39678.12,34323.3743968335,24682.940997732283,42644.20468142067,43476.5178124545,41913.44705650597,259278.92957,44.295255292409706,,,,,,,,,84356.171,90217.195,79794.063,83546.846,75754.81999999999,12904674.205756767
1650240000,39678.11,42976,38536.51,39450.13,34408.114158869306,24829.878201734948,42530.13058565564,43093.05230650645,41092.341371003975,283885.03637,44.034933850763096,,,,,,,,,83576.416,88008.268,78151.228,85793.961,76397.17319999999,12820557.361848218
1650844800,39450.12,40797.31,37386.38,38468.35,34475.22549508634,24965.58438878236,42385.0669933108,42652.60446779155,40217.67758066932,368444.26814,42.866631750747636,,,,,,,,,85798.132,89692.456,77590.686,82572.879,76988.37653333331,12709361.715631912
1651449600,38468.35,40023.77,33713.95,34038.4,34468.005238969214,25055.861161033285,42086.9717435497,41832.204042287594,38157.91838711288,419979.5829,37.97129527304323,,,,,,,,,82569.772,94843.921,78369.806,89155.085,77990.05533333332,12568758.07544573
1652054400,34038.39,34243.15,26700,31328.89,34416.1190366722,25118.27935843594,41702.75453842292,40831.888419212584,35881.57559140858,964223.849274,35.31487106065529,,,,,,,,,89177.341,94242.229,70049.445,72714.603,77686.12306666667,12349714.415346423
1652659200,31328.89,31328.9,28654.47,30293.94,34347.983845983406,25169.77846929727,41295.29687633639,39828.27428404948,34019.030394272384,375096.22376,34.327020122404065,,,,,,,,,72754.473,87348.066,72315.013,83648.619,77895.52326666666,12115808.60632705
1653264000,30293.93,30670.51,28019.56,29468.1,34267.324608859715,25212.547837761973,40872.8969878958,38841.59101890191,32502.053596181588,430508.71991,33.52124263375906,,,,,,,,,83654.213,88867.012,78717.237,86147.286,78858.71039999998,11863178.710556189
1653868800,29468.1,32399,29282.36,29919.21,34195.45494590336,25259.380297087726,40481.69388118524,37991.84044567316,31641.105730787724,422401.40352,34.42671909073269,,,,,,,,,86158.382,94427.069,81765.042,82950.901,79476.1062,11674837.509955885
1654473600,29919.2,31765.64,26560,26574.53,34069.48924431818,25272.46636378337,39985.009456857195,36904.47754608524,29952.247153858483,528925.487959,31.04987557117687,,,,,,,,,82950.047,95852.485,79697.783,85993.867,80818.28139999999,11454059.710559515
1655078400,26574.53,26895.84,17622,20574,33846.42330639557,25225.715454691,39291.75911911229,35349.193970267595,26826.16476923899,1153717.637537,26.103053064211437,,,,,,,,,86077.542,98711.861,81367.298,91098.041,82064.49533333331,11144430.498006895
1655683200,20574,21888,19637.03,21038.07,33634.71498728159,25184.047340713973,38639.84165057257,33986.229782623064,24896.799846159327,570801.23178,27.070766298399533,,,,,,,,,91099.114,103310.343,90574.596,96720.991,83466.65386666665,10918651.803962143
1656288000,21038.08,21539.85,18626,19315.83,33398.03920236785,25125.657118418312,37949.69837733784,32589.048850944677,23036.47656410622,508544.1397,25.724408639065373,25.724408639065373,,25.724408639065373,,,,,,96723.479,104928.511,89646.106,94488.46,84746.47393333331,10665943.067474034
1656892800,19315.83,22527.37,19055.31,20862.47,33190.83971141962,25083.237346095742,37339.44022100434,31472.231817521373,22311.807709404147,1111996.98071,29.133069302694906,,,,,,,,,94529.317,118077.974,94239.56,104424.765,86360.41326666666,10543206.304052413
1657497600,20861.11,21684.54,18910.94,20798.16,32986.00203023913,25040.59976056245,36748.68021311133,30455.653549186005,21807.258472936097,1043685.76303,29.073323652933254,,,,,,,,,104424.488,118982.314,103171.543,112548.755,89077.20499999999,10332760.11209666
1658102400,20799.58,24276.74,20762.45,22579.68,32813.996707425256,25016.11299677576,36242.644491214494,29705.56083021591,22064.73231529073,1336219.23609,33.16251135545498,,,,,,,,,112547.335,126124.53,106764.065,115592.632,91159.84606666664,10269615.389478598
1658707200,22577.13,24668,20706.5,23293.32,32656.63015027773,24998.970777902367,35780.16861652826,29094.871227338204,22474.261543527155,1282264.24492,34.78451319731862,,,,,,,,,115614.444,125028.161,107370.589,113423.827,93151.64479999998,10334604.854245113
1659312000,23296.36,23647.68,22400,23174.39,32499.89890812438,24980.81574528642,35329.96223736653,28531.015872353615,22707.63769568477,951140.43388,34.633669680909804,,,,,,,,,113423.851,123329.284,106625.737,109890.801,94758.10079999999,10302820.042950055
1659916800,23174.39,25047.56,22664.69,24305.24,32364.45000055208,24974.093598567153,34936.22215746059,28128.561027367556,23240.17179712318,1251083.26468,37.41289555667161,,,,,37.41289555667161,,37.41289555667161,,109886.105,124978.8,109689.829,114185.594,96865.61513333333,10393213.143652622
1660521600,24305.25,25211.32,20761.9,21515.61,32185.130331121465,24939.680826442105,34456.914580408426,27498.756167618263,22665.317864748788,1402957.39876,33.61589465512236,,,,,,,,,114185.798,119229.271,106329.43,109425.036,98216.94519999999,10341382.387263516
1661126400,21516.7,21900,19520,19555.61,31976.377928954167,24886.107982397905,33924.72513110813,26742.266056416523,21628.74857649919,1343190.86,31.218571627298843,31.218571627298843,,31.218571627298843,,,,,,109433.118,121352.783,106346.492,118024.741,101237.62106666666,10166564.954340039
1661731200,19555.61,20576.25,19540,20000.3,31778.42622764914,24837.492977597925,33427.42423356855,26100.174051043523,21085.932384332795,1527594.81842,32.39654840347761,,,,,,,,,118045.486,135293.465,111169.86,122304.155,103814.65679999998,10153882.021544512
1662336000,20000.3,21860,18510.77,21826.87,31613.937694960725,24807.53653005964,33013.118725226814,25693.1927128489,21332.911589555195,2146685.76233,37.15738654123097,,,,,,,,,122292.755,142751.938,118439.521,142751.938,107588.30026666664,10346853.250189511
1662940800,21826.87,22799,19320.01,19416.18,31412.321865291953,24753.89119145208,32527.513770754427,25095.38197829186,20694.001059703463,2218565.59694,33.77658262449381,,,,,,,,,142716.593,147698.763,116003.743,124802.49,110378.4062,10310154.304969272
1663545600,19417.45,19956,18125.98,18807.38,31203.975718758204,24694.72192586549,32037.508993227482,24496.52464702597,20065.12737313564,2285541.48793,32.96095382137925,,,,,,,,,124826.829,127845.806,111480.63,121912.509,112772.98233333332,10059279.87949096
1664150400,18809.13,20385.86,18471.28,19056.8,31003.19595481179,24638.62320023499,31573.912243469356,23978.455633023495,19729.018248757093,2777070.91238,33.66766739208441,,,,,,,,,121872.434,151572.83,120835.527,126586.689,115138.89219999997,10096781.200475346
1664755200,19057.74,20475,18959.68,19439.02,30812.052550600023,24586.88585495902,31140.523234774024,23546.1284298784,19632.352165838063,1690215.44019,34.801939101670456,,,,,,,,,126583.091,167781.071,126140.905,145413.387,118385.05193333332,10291683.86614598
1665360000,19439.96,19951.87,18190,19262.98,30621.15878943308,24533.911667347485,30716.325262103524,23138.209531794742,19509.22811055871,1666942.47921,34.509247704689244,,,,,,,,,145416.675,159720.204,142422.579,142991.253,121618.57146666665,10309267.946589887
1665964800,19262.98,19706.66,18650,19570.4,30438.501619359806,24484.523491552984,30318.256502742683,22798.41814781429,19529.618740372473,1439566.24878,35.52895763442169,,,,,,,,,142992.341,165670.853,142973.442,161041.448,125393.01699999998,10462278.90020866
1666569600,19570.4,21085,19157,20627.48,30276.335972758818,24446.144949348476,29972.157341930444,22591.662133736736,19895.572493581647,2026392.42105,39.043563738494896,,,,,,,,,161060.203,170617.364,144029.497,144065.581,127494.13873333331,10793707.13643993
1667174400,20627.48,21480.65,20031.24,20905.58,30121.447444283465,24410.91544736491,29648.351008290072,22431.082882904666,20232.241662387765,2205754.83045,39.97071996214619,,,,,39.97071996214619,,39.97071996214619,,144061.165,149633.283,127154.352,139297.347,129074.45306666664,11303642.6673587
1667779200,20905.58,21069.77,15588,16329.85,29893.4871559482,24330.506835948345,29172.690257994,21850.013084532795,18931.444441591844,3234391.873932,31.485116415253472,,,,,,,,,139273.699,139754.195,115376.988,119215.264,129460.54886666665,11456975.588291682
1668384000,16331.78,17190,15815.21,16280.23,29668.47464097385,24250.404578874233,28712.245248779927,21319.55755267253,18047.706294394564,1626234.48043,31.407249722849997,31.407249722849997,31.407249722849997,31.407249722849997,,,,,,119221.289,126468.555,115051.813,121296.048,130220.89866666665,11440825.899571046
1668988800,16279.5,16812.63,15476,16428.78,29449.63671302387,24172.57746863668,28273.5500613235,20853.769214322765,17508.064196263043,1561058.479583,31.949845139929977,,,,,,,,,121311.368,130212.237,121116.533,126749.454,131058.48933333332,11574886.512593614
1669593600,16428.77,17324,15995.27,17105.7,29245.60470123835,24102.260279894024,27874.69827341909,20496.810241530122,17373.942797508695,1572173.55626,34.49278682860667,,,,,,,,,126758.43,139719.108,122765.502,135962.081,132827.62566666666,11845910.263067367
1670198400,17106.65,17424.25,16678.83,17085.05,29044.60379708565,24032.43729203438,27489.35369222555,20171.88069471773,17277.64519833913,1443791.97519,34.450493669418364,,,,,,,,,135978.623,138160.003,104182.849,109049.569,132229.28086666667,11953618.23014457
1670803200,17085.05,18387.95,16527.32,16738.21,28841.192329365225,23959.85791599424,27105.38427464607,19844.864438077944,17097.83346555942,1511897.62621,33.703005575137766,,,,,,,,,109045.764,113089.932,97497.13,98436.522,130638.10533333333,11907078.045480136
1671408000,16739,17061.27,16256.3,16832.11,28642.695100780675,23888.935051158474,26738.481621980136,19557.935443975282,17009.25897703961,1148035.81471,34.1197646546503,,,,,,,,,98421.241,102267.809,94039.168,97401.076,127614.71453333333,11974307.003613267
1672012800,16832.11,16972.83,16333,16616.75,28443.919148701654,23816.575000898192,26376.991206909417,19277.822544549064,16878.422651359742,1028681.78419,33.59810157321627,,,,,,,,,97395.34,110096.72,95986.766,108854.594,126551.52146666667,11937163.510096576
1672617600,16617.17,17176.99,16548.7,17127.83,28256.876352855346,23750.02032427234,26046.664020948367,19073.061349830106,16961.55843423983,1112349.61417,36.095146996787655,,,,,,,,,108868.8,108882.003,100960.139,102816.669,125278.46546666668,12009495.550645284
1673222400,17127.83,21258,17104.66,20871.5,28134.804016444516,23721.378330995998,25861.836734485925,19244.34122127486,18264.872289493218,2145455.73458,50.71528709108546,,,,,,,,,102751.04,116882.169,90925.079,94267.263,123123.83706666666,12279267.943006497
1673827200,20872.99,23371.8,20407.15,22707.88,28045.10279303221,23711.293770488574,25749.19542254,19574.20205734392,19745.874859662144,2108890.06922,56.029388936264674,,,,,,,,,94210.202,111328.635,91928.678,94282.088,119715.0838,12724194.39983045
1674432000,22706.02,23960.54,22300,23742.3,27973.982085709362,23711.602290185205,25677.520586020713,19971.16376616831,21078.016573108096,1946352.78949,58.728886073193195,,,,,58.728886073193195,,58.728886073193195,,94291.606,105177.256,85481.11,103276.927,117067.46206666666,13312113.840717835
1675036800,23743.37,24255,22500,22932.91,27890.658580160445,23703.85410819331,25579.498779377118,20253.234836057043,21696.314382072065,1949971.72168,55.84012033501431,,,,,,,,,103275.627,104910.566,93185.379,102608.5,113171.9322,13658329.361360708
1675641600,22932.91,23452,21451,21783.54,27789.714471397463,23684.74650512671,25443.928822970793,20398.97818500399,21725.389588048045,1976378.51282,51.93355309593344,,,,,,,,,102601.185,107969.79,97795.827,98993.021,110167.09486666667,13783345.450245213
1676246400,21782.37,25250,21351.07,24271.76,27731.56646360577,23690.587435423957,25402.065650721837,20767.814548336944,22574.179725365364,2497565.46072,58.67396317271058,,,,,,,,,99035.174,116699.323,98590.087,106977.072,108012.40986666667,14134318.62216167
1676851200,24272.51,25250,22722,23554.85,27662.52982784369,23689.236814175958,25336.093663196058,21033.246496114378,22901.069816910243,2237983.72753,56.227419370210896,,,,,,,,,107043.613,119454.528,103332.807,106768.944,107182.6552,14238724.47032132
1677456000,23554.85,24000,21971.13,22430.24,27576.045698457845,23676.70948269162,25232.31317522477,21166.29349648444,22744.12654460683,1698503.29143,52.52730875131991,,,,,,,,,106814.716,110596.916,96366.092,99444.75,105725.902,14171424.6861391
1678060800,22430.24,22602.19,19549.09,21997.11,27483.831885260195,23659.997050028025,25116.770204681026,21245.418877771634,22495.121029737886,2718623.72856,51.13171841682237,51.13171841682237,,51.13171841682237,,,,,,99442.878,115515.378,85834.667,87568.702,103113.85186666668,13851617.859635185
1678665600,21998.05,28390.1,21813.88,27972.87,27491.915159883993,23702.911208734215,25218.77376879956,21886.12850846005,24321.03735315859,3775888.94983,64.96292825234046,,,,,,,,,87568.314,119035.454,87568.314,112007.179,101516.8584,13921877.297544025
1679270400,27972.87,28868.05,26601.8,27968.05,27499.785157241284,23745.350400687108,25316.962205628148,22465.35912670195,25536.70823543906,1437828.84706,64.94696098813625,,,,,,,,,111983.739,118943.393,96961.355,102443.606,101076.46086666666,13848509.279741546
1679875200,27968.05,29184.68,26508.14,28171.87,27510.893997617462,23789.39537182455,25418.923198284287,23008.836352730337,26415.095490292704,500795.73087,65.33496923027174,,,,,,,,,102474.304,110825.711,98585.628,104922.317,101508.8472,13829823.5237174
1680480000,28171.87,28775,27200.24,28323.76,27524.329799309737,23834.513427826296,25522.667369774135,23515.019557232208,27051.316993528468,306532.39014,65.64020324523253,,,,,,,,,104921.756,105241.216,93673.471,103704.205,101929.0558,13842110.92447079
1681084800,28323.76,31000,28170,30304.65,27570.28550510627,23898.892896206133,25693.452463710775,24161.651027972,28135.76132901898,377573.74044,69.4217527337546,,,,,69.4217527337546,,69.4217527337546,,103762.324,121989.015,99680.288,100077.651,101343.92626666668,13889187.50043243
1681689600,30304.66,30485,27125,27590.6,27570.621281881373,23935.626300223983,25761.20773286396,24488.21759673657,27954.04088601265,430421.84646,59.72324787570034,,,,,,,,,100069.844,107243.284,94466.389,103424.45,101384.445,13890788.036163436
1682294400,27590.59,30036,26942.82,29233.21,27598.10208713953,23988.338575843645,25885.207813833105,24940.121635142612,28380.4305906751,444613.47701,63.08462896675331,,,,,,,,,103389.402,109129.243,89652.336,98481.435,101665.3898,13934580.28058768
1682899200,29233.2,29820,27666.95,28430.1,27611.85411875706,24032.535206929777,25976.096820481922,25272.500527033793,28396.987060450065,360117.97447,60.42919577498525,,,,,,,,,98031.134,107138.949,94879.212,100024.99,102048.24993333333,13939904.885117235
1683504000,28430.09,28631.01,25811.46,26917.62,27600.37917464537,24061.24251830361,26009.722648321855,25429.178572078195,27903.86470696671,338765.74243,55.67606614478076,,,,,,,,,100039.174,113410.896,99657.728,107815.121,102350.7962,13912458.980412547
1684108800,26917.61,27663.59,26361.2,26747.78,27586.286626304125,24087.974234539397,26036.081839453218,25554.759660451702,27518.503137977805,230394.72253,55.15147016008575,,,,,,,,,107823.647,112909.108,103775.832,106076.589,102582.00213333333,13865684.616867352
1684713600,26747.78,28261.32,25871.89,28065,27594.199244051164,24127.54663021562,26108.54320232989,25793.830168980112,27700.66875865187,251061.07389,58.423430920616205,,,,,,,,,106089.706,117927.749,103167.691,111095.997,103388.8672,13847275.53307789
1685318400,28065.01,28447.14,26505,27115.21,27586.28206646354,24157.274623944817,26144.495587960966,25919.675867172482,27505.51583910125,233113.44204,55.291090252947726,,,,,,,,,111097.311,115315.326,108195.597,108783.298,103509.28226666666,13808418.41516933
1685923200,27115.2,27391.77,25351.02,25925.55,27558.83194966249,24174.869403806064,26136.676102676647,25920.23530839415,26978.860559400833,347786.76863,51.56209014744491,51.56209014744491,,51.56209014744491,,,,,,108804.04,122513.812,97025.372,99327.181,103013.16473333332,13740139.42576349
1686528000,25925.54,26839.99,24800,26339.97,27538.685471155673,24196.41269332043,26143.936599009623,25960.21004092804,26765.897039600557,265685.74051,52.75738138130924,,,,,,,,,99324.96,111999.051,98773.493,104260.003,103334.1816,13703666.601111539
1687132800,26339.98,31431.94,26256.61,30462.66,27587.01562865723,24258.76341278988,26298.176720473566,26389.01479893489,27998.151359733703,408189.22942,62.63546284761432,,,,,,,,,104238.559,126284.373,103803.953,113873.822,105087.85626666665,13709542.54351406
1687737600,30462.67,31282,29500,30617.03,27637.098510828186,24322.029746990975,26452.421480456655,26791.682913322045,28871.110906489135,294881.44198,62.9478684020899,,,,,62.9478684020899,62.9478684020899,62.9478684020899,,113881.878,125425.035,105246.524,108566.695,104858.49066666666,13742942.819209674
1688342400,30617.02,31500,29701.02,30160.71,27678.811097426067,24380.126067916437,26584.86035615463,27112.542635862803,29300.977270992757,244056.69119,61.31585686407722,,,,,,,,,108570.713,125065.074,101284.356,102142.001,104838.38366666666,13749918.621868564
1688947200,30160.71,31804.2,29900,30231.99,27721.01240160084,24438.353569728213,26715.114986291963,27409.632861018727,29611.314847328504,269249.39031,61.48384091074384,,,,,,,,,102238.135,118183.304,96063.366,100935.132,104572.57133333334,13781872.861446606
1689552000,30232,30417.46,29512,30083.75,27760.065915623967,24494.526668536888,26835.42337963868,27664.310683778847,29768.793231552336,180919.27148,60.891631821202054,,,,,,,,,100943.571,110505.651,100340.267,100351.704,104349.07126666667,13793553.433304835
1690156800,30083.75,30099.58,28861.9,29281.09,27785.206809580595,24542.154164372343,26922.768616080157,27818.2896662761,29606.22548770156,168154.81375,57.65352732448987,,,,,,,,,100347.428,112631.882,100117.308,106297.752,104763.74466666667,13788106.825581327
1690761600,29281.09,30047.5,28585.7,29088.42,27806.747523471826,24587.390640348738,27000.11330836301,27939.254459964093,29433.623658467706,190359.38216,56.87172526490023,,,,,,,,,106301.217,114911.503,104695.99,111134.656,105277.75839999999,13765049.477435296
1691366400,29088.43,30244,28701.03,29303.84,27831.492853662374,24634.32048472338,27082.38926163576,28069.21498758656,29390.36243897847,178844.98681,57.564601741239194,,,,,,,,,111148.668,128427.998,110348.79,114746.915,106362.12373333331,13761220.923094602
1691971200,29303.85,29695.32,25166,26189.99,27804.360575089442,24649.79978338285,27050.517859434483,27890.241179244986,28323.57162598565,307223.55373,46.04849838371324,,,,,,,,,114794.014,121893.829,87271.355,89721.393,105675.21726666664,13728497.606907308
1692576000,26190,26819.27,25300,26101.77,27776.218582112757,24664.24724822481,27016.634007311823,27719.910590745465,27582.971083990433,188618.43325,45.76913031930829,,,,,,,,,89722.243,92706.744,82905.262,86573.463,104259.1067333333,13680927.136714041
1693180800,26101.78,28142.85,25333.75,25971.21,27746.383729515852,24677.251852720085,26979.297435622113,27553.367677341135,27045.717389326954,258183.08813,45.33081906325154,,,,,,,,,86579.854,94788.504,80209.65,80412.001,102548.13419999997,13613298.321955372
1693785600,25971.21,26445.5,25372.51,25841.61,27714.899866218067,24688.83750592685,26938.66574149275,27390.34313664198,26644.3482595513,156769.66561,44.871452233350404,44.871452233350404,,44.871452233350404,,,,,,80420.988,87848.998,80169.689,81776.869,100593.52566666664,13537179.902353717
1694390400,25841.6,26888,24901,26527.51,27695.273587437605,24707.132754624097,26923.98160786801,27308.168552199884,26605.4021730342,221247.03537,47.88166428286842,,,,,,,,,81791.807,93140.554,81319.086,84768.768,98992.55699999999,13489382.002273174
1694995200,26527.5,27483.57,26122.08,26248.38,27671.357990951034,24722.468548110424,26899.85297901558,27207.23630913323,26486.3947820228,191220.58923,46.7626137171781,,,,,,,,,84796.844,97735.232,83781.918,90407.289,98397.89753333332,13427924.79846411
1695600000,26248.39,28065.51,25990.46,27992.57,27676.6672803568,24755.006871014797,26938.878586907882,27282.029993977685,26988.4531880152,189937.16919,53.99753107148566,,,,,,,,,90566.178,97952.933,85084.136,87493.182,97280.10946666665,13390409.915893054
1696204800,27992.58,28580,27160.5,27917.05,27680.640548450076,24786.469986726093,26973.8132802326,27342.508089789335,27297.985458676798,217523.39638,53.65751435279747,,,,,,,,,87706.826,96495.192,85846.889,92103.35,95828.74466666667,13335751.365340192
1696809600,27917.06,27987.93,26538.66,27154.15,27671.938225335198,24810.028991833296,26980.25387736715,27324.569224095114,27250.040305784532,164897.39085,50.217414603621634,,,,,,,,,92107.344,99540.134,89520.687,97583.025,95096.49999999999,13270593.877616175
1697414400,27154.14,30379.99,27112.66,29992.46,27710.29395714784,24861.5954695265,27087.83266746118,27578.65405989558,28164.180203856355,294677.81127,60.391693810873846,,,,,,,,,97583.73,99625.658,86379.722,93092.505,94493.20026666667,13239706.418367777
1698019200,29992.46,35280,29883.6,34525.89,27822.94843719498,24957.757604158076,27353.47757219471,28240.29557800076,30284.750135904236,373306.40874,70.69400116845738,,,,,,,,,93096.641,99705.679,82935.126,88065.238,93635.20733333332,13247313.613213513
1698624000,34525.88,35984.99,34025,35011.88,27941.773752282665,25057.798623022176,27626.99194461633,28885.208380095926,31860.460090602824,249862.2126,71.54836062223745,,,,,,,,,88071.124,93738.211,80755.652,86058.263,92682.31126666667,13277992.714512037
1699228800,35011.89,37972.24,34523.06,37064.13,28092.55650017882,25177.2646068727,27964.03258945146,29664.153296277265,33595.01672706855,261060.64807,74.8788715316982,,,,,,,,,86090.568,96778.032,78339.665,80851.913,90985.92199999999,13330612.915503083
1699833600,37064.13,37980,34800,37359.86,28245.735070423798,25298.484461530683,28299.59785411391,30397.07774425086,34849.96448471236,255993.59565,75.32707377675369,,,,,,,,,80846.392,86013.181,76457.533,80868.099,88968.15153333332,13402602.011223553
1700438400,37359.85,38414,35632.01,37447.43,28397.829201491175,25419.36949176421,28626.306145038412,31068.539863846014,35715.786323141576,229889.97507,75.46665797180948,,,,,,,,,80855.621,87359.357,77134.191,79127.737,86593.53966666666,13489629.285929691
1701043200,37447.42,40250,36707,39972.26,28589.142107251653,25564.174372443173,29031.51878271561,31916.513210146393,37134.610882094385,222103.26117,79.13231145203065,,,,,,,,,79128.823,90750.67,78510.672,79997.634,85945.28906666666,13589520.940299055
1701648000,39972.26,44700,39972.26,43789.51,28840.387857545014,25745.520995602943,29558.589897618625,33047.27480918007,39352.91058806292,332080.41362,83.21555152597463,,,,,83.21555152597463,,83.21555152597463,,79996.378,88797.435,79996.378,83151.118,85717.13273333333,13711525.809835145
1702252800,43789.5,43804.5,40222,41374.65,29047.565744197163,25901.03471703973,29980.592044132245,33840.35816068673,40026.82372537528,292562.41578,73.42712012838857,,,,,,,,,83147.576,83174.538,74643.809,76343.562,85445.90346666666,13794048.080769705
1702857600,41374.64,44398.26,40542.93,42991.5,29278.043996359193,26071.08909796471,30445.26732827038,34711.895478716564,41015.04915025019,245481.20612,75.50468278297905,,,,,,,,,76366.577,83124.639,74744.203,77213.597,85141.68533333334,13892090.250293354
1703462400,42991.5,43802.32,41300,42283.58,29493.011533609453,26232.407415397895,30868.06420940358,35433.00829026737,41437.89276683346,228462.70228,72.82016491819266,,,,,,,,,77229.395,81304.934,73918.936,74001.362,84423.85826666666,13959036.717740463
1704067200,42283.58,45879.63,40750,43929.02,29731.623243797727,26408.493112757118,31334.526916210594,36242.152262622854,42268.268511222304,310487.48622,75.04140309909216,,,,,,,,,74004.65,81511.765,66893.896,70552.687,83100.21813333333,14049177.567927849
1704672000,43929.01,48969.48,41500,41732.35,29929.982363734955,26560.96930068988,31705.877740631644,36765.02823761116,42089.62900748153,470798.80434,67.1515030377883,,,,,,,,,70579.891,83406.538,67205.07,77090.527,82406.70779999999,14085895.59387453
1705276800,41732.35,43578.01,40280,41580.33,30122.550093259997,26710.415675807395,32058.5367498948,37223.62840545771,41919.86267165436,238486.27274,66.62939900819845,66.62939900819845,,66.62939900819845,,,,,,77086.519,80873.142,73435.66,74654.693,81243.46399999998,14096403.686612958
1705881600,41580.32,42842.68,38555,42031.06,30319.38496775157,26862.859897938666,32414.698294541413,37681.47903350936,41956.92844776957,274603.16207,67.4377793474876,,,,,,,,,74646.83,80614.691,74337.002,75162.953,79748.79253333333,14132063.690716296
1706486400,42031.05,43882.36,41804.88,42582.88,30522.087364978815,27019.278008406938,32777.84764116493,38148.27912555609,42165.57896517971,203036.61925,68.44558660230064,,,,,,,,,75160.636,79321.753,71312.889,77284.765,78694.9432,14183664.324833602
1707091200,42582.88,48592.66,42258.1,48299.99,30815.936995309745,27231.02638643274,33332.20986826618,39115.10873264598,44210.38264345314,262240.48357,76.54512658629125,,,,,,,,,77288.046,89881.155,77097.063,89342.954,78780.12426666665,14255325.89699402
1707696000,48300,52816.62,47710.01,52137.67,31168.362334230245,27478.853686070222,34003.83344439953,40355.35266287017,46852.81176230209,310862.3017,80.2161556518981,,,,,,,,,89352.388,94609.232,84675.286,85539.167,78745.51786666666,14349768.491015352
1708300800,52137.68,52985,50521,51728.85,31508.20510556528,27720.147181731216,34636.86974995669,41438.542885453964,48478.157841534725,223366.16186,78.80122307305817,,,,,,,,,85553.46,91227.301,84503.344,86418.411,79116.61773333332,14413943.584476558
1708905600,51728.85,64000,50901.44,63113.97,32030.614442663376,28072.324523206527,35653.909044601096,43502.86927731549,53356.76189435648,417907.83383,86.13562118369164,,,,,,,,,86417.698,88719.755,71332.063,75626.583,78767.18333333332,14511807.510353839
1709510400,63113.97,69990,59005,68955.88,32640.94941055324,28479.126070239297,36843.265150151055,45926.96553661878,58556.46792957099,481870.181782,88.36085945306337,,,,,88.36085945306337,,88.36085945306337,,75631.83,83282.518,70764.768,77404.868,78652.3254,14646243.460602999
1710115200,68955.88,73777,64533,68393.48,33231.90032938707,28876.28382078418,37970.05853764566,48066.63358075033,61835.47195304732,477496.91752,86.91460732834005,,,,,,,,,77419.143,84917.22,75917.914,78533.524,78554.71806666667,14722400.090112237
1710720000,68393.47,68956,60775,67209.99,33793.521646256704,29257.713733015185,39014.34180415831,49889.81038258363,63626.977968698215,409762.74414,83.80601871300827,,,,,,,,,78542.142,81968.562,71963.123,77031.661,78146.75426666667,14752278.684035834
1711324800,67210,71769.54,66385.06,71280.01,34413.13302400453,29675.846034179212,40166.68709686695,51926.972250909,66177.9886457988,235409.95755,85.70018280508505,,,,,,,,,77037.227,84616.346,76539.737,82700.513,78570.551,14801731.693542898
1711929600,71280,71288.23,64493.07,69360.39,34990.773635178004,30070.717118416236,41209.31934340741,53587.29775082243,67238.7890971992,274227.11488,80.89417342450926,,,,,,,,,82734.232,85829.468,74818.741,80047.419,78759.47246666667,14820358.024536908
1712534400,69360.38,72797.99,60660.57,65661.84,35497.733409803164,30424.85764460115,42082.623652571434,54737.25415550601,66713.1393981328,348008.31904,72.46244237246705,,,,,,,,,80043.911,84993.716,65657.54,67004.564,78293.01926666667,14804066.769813394
1713139200,65661.85,66867.07,59600.01,64941.15,35984.40145261634,30768.303339679747,42898.99959355102,55709.05375974353,66122.47626542186,312265.13225,70.91142241609205,,,,,,,,,67007.039,69903.922,64138.371,66885.05,78048.51013333334,14759587.526754024
1713744000,64941.15,67232.35,62391.24,63118.62,36432.90093273838,31090.197037792386,43621.128893781344,56414.72673500605,65121.190843614575,183902.50753,67.00548189323058,,,,,,,,,66886.069,70504.202,65745.742,65745.742,77292.19113333334,14701829.877554594
1714348800,63118.62,64734,56552.82,64012,36888.7538098832,31417.777166769578,44349.37429043201,57138.27656976738,64751.46056240972,298372.0172,67.9377684009158,,,,,,,,,65758.921,75452.843,65638.103,72613.579,77156.11686666666,14677989.339440824
1714953600,64012,65500,60187.12,61483.99,37295.28663947191,31716.94346361764,44961.32485148801,57552.15403931335,63662.303708273146,179712.75232,62.551675938513085,62.551675938513085,,62.551675938513085,,,,,,72614.685,76115.909,68645.256,69739.804,76794.5736,14639303.828545509
1715558400,61484,67700,60749.21,66274.01,37774.27380245584,32060.794871939852,45722.49217822058,58382.80698795017,64532.8724721821,195247.04901,67.76622667629053,,,,,,,,,69757.079,77503.028,67506.979,75133.681,76651.168,14622897.609069748
1716163200,66274,71979,66060.31,68507.67,38282.26382224996,32423.4503458509,46536.24852899842,59347.07965576444,65857.80498145473,220708.83749,69.87294111204261,,,,,,,,,75149.854,80065.27,69575.129,71075.801,75433.35780000001,14629073.775971677
1716768000,68507.67,70687.56,66670,67765.63,38769.59218882434,32775.11382499666,47294.44072439133,60148.84635521545,66493.74665430315,158352.25614,68.27647196969619,,,,,,,,,71076.571,78332.652,70544.871,76089.297,74803.36646666667,14619580.569250567
1717372800,67765.62,71997.02,67612.48,69648.14,39279.98140884377,33142.009607832515,48092.78712709164,61053.540988052075,67545.21110286877,165061.19141,70.14040407685265,,,,,70.14040407685265,70.14040407685265,70.14040407685265,,76088.574,86735.291,75569.849,83578.665,74614.05006666666,14626711.590922894
1717977600,69648.15,70195.94,65078,66676.87,39732.82254258189,33475.689810739656,48756.50437255265,61589.09613204712,67255.76406857917,174066.07718,63.77149942299516,,,,,,,,,83579.112,85862.369,78761.534,80880.601,74964.31793333334,14616585.746037858
1718582400,66676.86,67298.81,63178.32,63210.01,40120.87522782847,33771.55369321986,49272.70100210434,61743.468881375964,65907.17937905277,155589.33133,57.240511789208554,,,,,,,,,80874.768,82039.633,73826.455,77587.66,74976.50406666668,14592606.23577711
1719187200,63210.01,63369.8,58402,62772.01,40495.27414968254,34060.11544751618,49754.819180600614,61841.42517838778,64862.122919368514,177837.60164,56.45388531373522,,,,,,,,,77596.345,85813.387,73858.757,85674.096,75452.54220000001,14553973.573956434
1719792000,62772.01,63861.76,53485.93,55857.81,40749.200362084484,34277.00793062547,49972.78313843631,61271.55706616037,61860.68527957901,251967.61048,45.76263326098875,45.76263326098875,,45.76263326098875,,,,,,85665.344,92089.87,79485.01,81289.348,75736.388,14495023.297977727
1720396800,55857.81,61420.69,54260.16,60797.91,41080.58399246325,34540.89750345507,50359.39481206358,61226.447821764144,61506.426853052675,190723.74928,52.660806158964476,,,,,,,,,81342.893,88151.293,76754.079,84969.091,75887.62653333334,14459851.500595087
1721001600,60797.91,68366.66,60632.3,68165.34,41528.2659099432,34875.46907058487,50995.32142591845,61887.29469588184,63726.06456870178,205198.52303,60.69048424597517,,,,,,,,,84963.281,86680.221,77656.207,80652.791,75927.98466666667,14447572.114680318
1721606400,68165.35,69399.99,63456.7,68249.88,41969.94548167967,35207.55276142482,51611.55566070708,62493.25520103595,65234.00304580119,177889.46168,60.77270785122077,,,,,60.77270785122077,,60.77270785122077,,80649.171,87933.672,79620.102,85863.512,77185.24786666667,14453404.047584098
1722211200,68249.88,70079.99,57122.77,58161,42237.56621751968,35435.945271261386,51845.4643871104,62080.65946760395,62876.33536386746,216238.9234,47.896966908146354,,,,,,,,,85860.137,94170.582,81197.814,88099.168,78599.5224,14438086.375125613
1722816000,58161,62745.14,49000,58712.59,42509.8806602053,35667.55367652247,52090.718873285026,61759.890946879765,61488.42024257831,370726.80645,48.53891613853005,,,,,,,,,88098.333,88365.587,69948.087,70092.126,78889.28133333335,14459534.843515556
1723420800,58712.59,61800,56078.54,58427.35,42772.97932697877,35894.01931158195,52317.027127810565,61442.50609479598,60468.06349505221,179945.24534,48.20813802835661,,,,,,,,,70083.67,84739.8,68266.775,82690.176,79561.05446666667,14461802.958216934
1724025600,58427.35,65000,57787.3,64220,43127.4755364502,36175.86986569556,52742.13330181733,61707.029323863026,61718.70899670147,169792.31289,54.925909204253536,,,,,,,,,82717.339,90067.099,79506.852,87957.746,80775.58393333334,14480025.758460084
1724630400,64219.99,64481,57201,57301.86,43361.762882955154,36386.078722753315,52904.980683895286,61287.489388257025,60246.42599780098,176518.33308,47.07297328151534,,,,,,,,,87964.535,88027.776,78679.143,82143.613,81242.91273333335,14479701.78410103
1725235200,57301.77,59809.65,52550,54869.95,43551.980851831926,36569.997839939846,52975.158159470455,60676.29516080397,58454.26733186732,196506.89846,44.65597041206378,44.65597041206378,,44.65597041206378,,,,,,82150.909,87932.032,78704.244,84700.114,82151.20026666667,14460693.721732361
1725840000,54869.95,60625,54591.96,59132,43809.5018294876,36794.49537387079,53195.0453680608,60529.21943120359,58680.17822124488,175833.33846,49.54543932748807,,,,,,,,,84701.09,90659.918,84674.889,86289.264,82831.19806666666,14460241.983252138
1726444800,59132,64133.32,57493.3,63578.76,44136.266427347306,37061.00546965317,53565.892319201484,60819.65186632706,60313.03881416326,178097.29669,54.10159295216051,,,,,,,,,86258.896,89726.761,81542.955,85726.08,82974.35906666666,14476794.914788127
1727049600,63578.76,66498,62538.75,65602.01,44491.072106234125,37344.995564482495,53995.75366494429,61275.114545724486,62076.02920944217,132963.29721,56.04642746349457,,,,,,,,,85731.896,92351.76,84409.029,85611.043,83289.72186666666,14504434.547816878
1727654400,65602.01,65618.8,59828.11,62819.91,44794.02810447819,37598.477300159284,54310.902105482,61422.23792232215,62323.989472961446,169447.68762,52.737319319852155,,,,,,,,,85598.805,90772.288,82012.093,86184.235,83862.82686666666,14513303.959831463
1728259200,62819.91,64478.19,58946,62870.02,45092.804830024004,37849.93543647611,54616.58488742907,61560.121929720044,62505.999648640965,136109.36376,52.79138487117383,,,,,,,,,86178.452,89712.777,83229.978,85775.202,83869.56726666667,14534291.462488469
1728864000,62870.02,69400,62457.81,69031.99,45488.49384109799,38160.204636113165,55131.4207843066,62271.72841260385,64681.329765760645,185982.16665,59.00212667351218,,,,,,,,,85767.732,89386.751,81443.021,86611.393,84224.37026666666,14570992.742668616
1729468800,69032,69519.52,65260,68021.7,45860.94352967488,38457.333943216516,55591.7878991528,62819.34475426062,65794.7865105071,159069.27886,57.66267165779908,,,,,,,,,86609.503,90179.643,79807.918,82208.196,84040.3106,14589049.207702082
1730073600,68021.69,73620.12,67478.73,68775.99,46239.70462835794,38759.01211293576,56062.65225989734,63386.6443014739,66788.52100700473,209232.69647,58.421607632705,,,,,,,,,82201.466,93429.475,81982.009,82985.133,84195.80006666666,14625312.93287236
1730678400,68775.99,81500,66835,80370.01,46803.84190722806,39173.051892906544,56930.77217918672,65004.10770133352,71315.68400466982,327445.15705,67.93597823480337,,,,,,,,,82986.754,92130.702,82133.177,85948.409,84201.45986666666,14689308.222983565
1731283200,80370.01,93265.64,80216.01,89855.99,47515.447660827595,39677.35973476817,58106.67281564434,67370.95363453985,77495.78600311321,417630.302334,73.31612487736513,,,,,,,,,85940.627,91081.894,82967.822,84046.424,83931.27693333333,14786983.038068369
1731888000,89855.98,99588.01,89376.9,97900.04,48348.25083998747,40256.68988666103,59527.8645007999,70278.48566934558,84297.20400207548,303784.771782,76.86168665315553,,,,,,,,,84053.329,92959.167,82844.874,87500.861,85091.85926666667,14904287.37283862
1732492800,97900.05,98871.8,90791.1,97185.18,49155.47280957446,40823.1425246047,60872.768625771336,72841.02798655076,88593.19600138365,237818.37314,75.89654933846411,,,,,,,,,87507.075,91985.483,85439.391,86611.979,85353.31279999999,14987770.497331705
1733097600,97185.17,104088,90500,101109.59,50014.218548259174,41423.00767361361,62309.797960565214,75533.27198783164,92765.32733425577,302152.735462,77.56224858390593,,,,,,,,,86612.903,98052.639,86188.449,89375.143,85447.80593333332,15092079.299059924
1733702400,101109.6,105250,94150.05,104463.99,50914.214770602,42050.281129597555,63815.304819116456,78288.57846518101,96664.88155617051,230968.339905,78.9042050368077,,,,,78.9042050368077,,78.9042050368077,,89369.909,99464.601,87432.083,98887.463,86564.06259999999,15208450.913947837
1734307200,104463.99,108353,92232.54,95186.27,51645.98427852593,42578.99743676574,64935.696432719444,79897.88242087806,96172.01103744701,281544.242246,66.97333507431753,,,,,,,,,98882.342,99700.697,86585.668,86861.649,86708.16493333332,15286925.780537283
1734912000,95186.28,99963.7,92520,93738.2,52341.723381360214,43088.044228439714,65964.35727440803,81216.00790460396,95360.74069163133,140614.68725,65.31333986682468,,,,,,,,,86865.854,92575.71,86797.471,89931.946,86951.01039999998,15344534.975332495
1735516800,93738.19,98976.91,91530.45,98363.61,53102.41572216418,43638.04985800748,67121.47344317917,82849.11286607025,96361.69712775422,111914.7951,68.03841556490016,,,,,,,,,89929.671,94568.495,87404.137,90091.742,87242.0545333333,15407316.132061496
1736121600,98363.61,102724.38,91203.67,94545.06,53787.418106921796,44144.58727235566,68100.88724877992,83963.01259311118,95756.1514185028,172710.45967,63.59638592734313,,,,,,,,,90092.946,94677.762,87277.536,87545.784,87371.03726666662,15447669.515800117
1736726400,94545.07,106422.43,89256.69,101331.57,54573.27185722061,44713.611976113316,69287.69734703779,85617.16091757678,97614.62427900187,235685.9926,67.63998981264528,,,,,,,,,87547.246,91576.846,83596.934,84137.653,87234.59846666663,15506626.005144583
1737331200,101331.57,109588,99550,102620,55367.43265296903,45289.79494152512,70478.13672750072,87236.4789254266,99283.08285266791,254162.140922,68.35857644884584,,,,,68.35857644884584,68.35857644884584,68.35857644884584,,84165.91,88621.604,80082.709,81643.976,86959.18339999997,15584173.508925004
1737936000,102620.01,106457.44,96150,97700.59,56067.15426201087,45811.29538986815,71450.36720151856,88233.06093252884,98755.58523511194,184203.26328,62.639141099906276,,,,,,,,,81646.023,87197.528,80148.853,83569.331,86756.37926666664,15636792.36822348
1738540800,97700.59,102500.01,91231,96462.75,56734.850059333,46315.28996310329,72343.66658717861,89016.84084371656,97991.30682340795,221243.61368,61.25045014677679,,,,,,,,,83567.747,83786.69,74398.632,74483.984,86241.43179999996,15663329.087238293
1739145600,96462.75,98826,94088.23,96118.12,57385.81319884816,46810.8405107341,73192.75420906508,89693.15314431499,97366.9112156053,122007.40976,60.84599990864567,,,,,,,,,74481.158,80530.304,73988.302,76100.201,85782.43633333332,15675718.74636979
1739750400,96118.12,99475,93388.09,96258,58028.32868316472,47302.85204794073,74016.51298731276,90318.37665438022,96997.27414373687,127758.44873,60.95868526228392,,,,,,,,,76101.525,84364.194,76041.668,80418.763,85413.79326666663,15699095.909272574
1740355200,96258,96500,78258.52,94270,58627.36457269919,47770.18685343386,74739.85180919444,90694.72173491544,96088.18276249124,373604.39736,58.38680080532793,,,,,,,,,80412.016,93416.142,76269.513,79052.617,85080.87279999998,15684665.304531282
1740960000,94269.99,94416.46,80000,80734.37,58992.76962108433,48098.18867578775,74953.94174458036,89746.11680778064,90970.24517499415,284471.65101,44.59189914582052,,,,,,,,,79048.796,79097.471,67480.222,70146.89,83923.94139999998,15644516.504907256
1741564800,80734.48,85309.71,76606,82574.53,59382.55078437219,48441.23684816797,75226.10561084535,89063.10854037295,88171.6734499961,211663.09876,46.44445028706583,,,,,,,,,70142.614,74565.468,68149.042,68522.723,82717.99099999998,15628349.790843613
1742169600,82574.52,87453.67,81134.66,86082.5,59823.87225901067,48815.776780027,75613.8339818866,88779.24106033743,87475.2822999974,110906.22972,49.88442037906071,,,,,,,,,68515.37,77214.749,68487.752,72872.422,81617.80959999998,15624285.261902222
1742774400,86082.5,88765.43,81565,82389.99,60196.86594067991,49149.84855336007,75855.83955396207,88170.74095935292,85780.18486666493,137009.3862,46.498769748099306,,,,,,,,,72903.021,79744.865,69487.79,69927.339,79687.13466666664,15607559.317983821
1743379200,82390,88500,77153.83,78430,60498.24005736289,49441.1933438739,75947.77385560628,87243.05134417645,83330.12324444328,178247.49297,43.11888548015385,43.11888548015385,,43.11888548015385,,,,,,69931.407,74281.169,68073.581,73132.854,78771.88166666664,15575450.369393839
1743984000,78430,86100,74508,83760,60882.73195724119,49782.674007118934,76226.78193219178,86911.3321685406,83473.41549629552,300064.17057,48.54067050151308,,,,,,,,,73110.231,82668.179,69418.878,77500.825,77943.14026666665,15574976.95596195
1744588800,83760,86496.42,83111.64,85179.24,61284.32713150166,50134.878643864016,76546.51257747064,86746.37100963197,84042.02366419701,108454.4036,49.90978696267138,,,,,,,,,77520.803,81240.635,75733.939,77373.844,77095.28039999999,15584877.620342623
1745193600,85179.24,95758.04,85144.76,93749.3,61820.93825329502,50568.85298571612,77160.89784256097,87413.31662776227,87277.78244279801,170625.92469,57.29796778087728,,,,,,,,,77431.998,90823.77,76533.599,84123.547,76867.13126666663,15610085.452371804
1745798400,93749.29,97895.68,92800.01,94277.62,62357.41233175295,51003.76609033586,77772.2093481838,88067.05980607063,89611.061628532,113820.08215,57.712061859207786,,,,,,,,,84114.396,88388.669,79908.216,81779.734,76709.93666666666,15643732.546317251
1746403200,94277.61,104984.57,93377,104118,63047.669979162,51532.26593023302,78713.13044289152,89595.72077692104,94446.70775235466,145910.00118,64.59819457189656,,,,,,,,,81779.721,85993.583,78269.04,81331.533,76689.10713333331,15688071.34571361
1747008000,104118,106660,100718.37,106454.26,63765.134277027086,52078.75343341478,79703.8850699311,91201.2959410238,98449.22516823644,135512.85987,66.01321574902073,,,,,,,,,81329.697,85192.227,78492.52,80958.79,76515.07106666664,15741093.3889646
1747612800,106454.27,111980,102000,109004.19,64512.887264183664,52645.17568780866,80750.32453171928,92896.80966092629,101967.5467788243,197357.632795,67.53832254199466,,,,,67.53832254199466,67.53832254199466,67.53832254199466,,80976.772,91457.83,78266.239,87971.479,77414.23739999997,15807861.67883883
1748217600,109004.2,110718,103068.55,105642.93,65192.72268130459,53172.51652673593,81639.34615558645,94110.72588369521,103192.67451921619,116099.819,63.49368817378969,,,,,,,,,87957.147,92002.104,82183.446,82799.575,77860.86233333331,15857213.958344085
1748822400,105642.93,106794.67,100372.26,105734,65862.8264386384,53695.5163622908,82499.86950717264,95217.70437096234,104039.78301281079,95301.97979,63.557367235461534,,,,,,,,,82802.394,86487.773,80601.057,82509.19,78000.2241333333,15910942.399781222
1749427200,105734.01,110530.17,102664.31,105594.01,66519.54021651215,54211.91928405905,83324.66023905933,96205.92395468021,104557.85867520719,110085.74896,63.37436824259684,,,,,,,,,82509.37,86602.876,76574.578,78621.883,77971.5085333333,15949069.489751963
1750032000,105594.02,108952.38,98200,100963.87,67088.86798152847,54677.11282352114,83954.63201623579,96659.06167328209,103359.86245013813,110755.93156,57.479457250932896,57.479457250932896,,57.479457250932896,,,,,,78622.296,81314.64,74577.548,78679.608,78540.35639999996,15973017.244338825
1750636800,100963.87,108528.5,99613.33,108356.93,67770.98470910652,55211.24035761546,84826.14265851308,97773.14437106474,105025.55163342542,91938.97808,63.34271162662664,,,,,,,,,78681.246,79453.837,72378.373,77914.184,79166.45379999997,16003440.35354408
1751241600,108356.93,110529.18,105100.19,109203.84,68455.82529242706,55748.48015505212,85696.77470642333,98861.78205001095,106418.31442228361,72977.1763,63.95586935356022,,,,,,,,,77914.499,83563.281,73880.079,77921.646,79503.0687333333,16037916.231044075
1751846400,109203.85,119488,107429.57,119086.64,69292.69826280017,56378.71060127051,86889.26989547964,100787.95899762896,110641.08961485574,104658.05244,70.21646364769882,,,,,70.21646364769882,,70.21646364769882,,77923.178,90228.268,77413.752,89416.565,80802.35046666664,16079076.125205021
1752451200,119086.65,123218,115736.92,117265.12,70085.63085349769,56984.54552066085,87974.1216849268,102357.2124264262,112849.09974323715,131579.689337,67.87634396951603,,,,,,,,,89414.595,93849.574,87393.292,89246.828,81876.61539999998,16103784.630461402
1753056000,117265.11,120247.8,114723.16,119415.55,70901.00141790268,57605.749545330895,89097.02983903655,103981.8160048618,115037.91649549143,123158.43225,69.18214663099184,,,,,,,,,89274.256,98745.281,86542.7,90384.397,82735.52019999997,16137869.319240984
1753660800,119415.56,119800,111920,114208.8,71616.83279942494,58168.96397771566,89993.87877335667,104955.81448058925,114761.54433032763,105088.6224,62.55204488499661,,,,,,,,,90390.33,92430.337,85140.421,85205.737,83257.64639999998,16158699.406955844
1754265600,114208.81,119311.11,112650,119294.01,72404.88531513693,58777.17339087272,91040.31203145107,106321.35691100932,116272.36622021842,78822.4007,65.98109146997672,,,,,,,,,85204.858,86991.32,81968.806,86955.227,83446.42506666665,16185052.57209786
1754870400,119294.27,124474,116803.99,117405.01,73148.68902893632,59360.53494917249,91981.90838747068,107376.94291948463,116649.91414681228,120321.123656,63.64952296773232,,,,,,,,,86959.398,95455.227,86871.229,89557.528,83964.94466666665,16197436.75735435
1755475200,117405.01,117543.75,110680,113493.59,73815.54689622663,59899.17231286232,92750.1827307753,107959.48073667657,115597.80609787485,117920.88503,59.00040213837636,,,,,,,,,89554.296,95275.447,85703.096,93739.777,84792.1609333333,16197410.93591689
1756080000,113493.59,113667.28,107350.1,108246.35,74384.65107976008,60380.23875751046,93303.61727610475,107986.80161889785,113147.32073191657,110910.33675,53.368655574201426,53.368655574201426,,53.368655574201426,,,,,,93740.203,94685.615,87717.464,89828.631,85383.48366666664,16186824.684449663
1756684800,108246.36,113384.62,107255,111137.34,74992.13354125165,60885.28454101782,93940.53594481529,108286.85289328854,112477.32715461105,90809.75324,55.86808701442199,,,,,,,,,89830.927,91948.618,86892.513,88886.037,85444.45419999998,16185895.195335506
1757289600,111137.35,116665.63,110621.78,115268.01,75657.85050751195,61426.406187375855,94702.23144678617,108951.72499868963,113407.5547697407,88456.94711,59.230544467849114,,,,,,,,,88886.895,95679.921,87745.057,87745.057,85774.15299999996,16193478.70014746
1757894400,115268.01,117900,114384,115232.29,76311.97347432993,61961.78811585968,95435.44782368667,109549.87404643348,114015.7998464938,70729.4403,59.18854755563587,,,,,,,,,87744.789,91535.328,87148.427,88668.586,86184.77939999996,16193603.829234464
1758499200,115232.29,115379.25,108620.07,112163.95,76904.5681276468,62461.312114706845,96032.89432998358,109798.83366105886,113398.5165643292,93970.57704,55.545245009870825,,,,,,,,,88677.875,90176.792,84421.553,86087.677,86682.49899999997,16184767.46249985
1759104000,112163.96,125708.42,111560.65,123482.31,77674.44815859478,63068.48622301822,97013.23060391274,111102.02188381516,116759.78104288613,124480.098903,64.27972498192625,,,,,64.27972498192625,64.27972498192625,64.27972498192625,,86089.696,102242.067,85641.969,99288.97,88056.45646666663,16188627.902016437
1759708800,123482.32,126199.63,102000,114958.8,78290.71843696511,63584.807753137444,97654.14379663015,111469.33408535658,116159.45402859076,211576.359223,55.44486242498361,,,,,,,,,99304.466,101230.277,70503.009,75913.949,87923.10746666662,16171970.551176872
1760313600,114958.81,115963.81,103528.23,108642.78,78792.40540494915,64033.14578544453,98046.59508960764,111200.13845817976,113653.8960190605,171795.75097,49.9646392076141,,,,,,,,,75909.972,83713.996,75676.346,80781.101,88113.73779999996,16140538.1146106
1760918400,108642.77,115466.8,106666.69,114559.4,79383.59539825578,64535.894583599315,98636.33812212166,111520.06812882931,113955.73067937366,137473.79272,54.50143756576278,,,,,,,,,80781.033,86106.238,75370.544,81736.421,87601.72819999995,16125191.9855954
1761523200,114559.41,116400,106304.34,110540.68,79898.58853216891,64993.65364246897,99061.49318918874,111426.79306894081,112817.38045291578,125045.90669,51.11151374158157,,,,,,,,,81740.788,82082.014,72430.75,76015.212,86719.62046666662,16099398.25870641
1762128000,110540.69,110750,98944.36,104722.96,80308.90872171984,65388.970123638435,99263.688432432,110788.33277666074,110119.24030194385,199598.71888,46.59340972189869,,,,,,,,,76015.151,87388.335,75851.452,85494.865,86393.65166666663,16057051.675437324
1762732800,104722.95,107500,93005.55,94261.44,80539.52907342695,65676.25838111468,99085.03670270229,109214.34298840734,104833.30686796257,189823.3545,39.78315492587542,,,,,,,,,85494.45,98692.077,83968.551,98682.321,87292.09059999997,16000659.685384342
1763337600,94261.45,96043,80600,86830,80643.503799486,65886.74337234737,98647.35682046293,107082.50079903522,98832.20457864171,257258.09768,35.78215760141717,35.78215760141717,,35.78215760141717,,,,,,98679.574,105781.573,95994.721,96643.81,87937.99613333329,15925137.589843072
1763942400,86830,93092,85272,90360,80804.10704246971,66130.2583636673,98351.37979116068,105489.88167531758,96008.13638576114,118687.98554,38.924286535441176,,,,,,,,,96603.789,97014.349,88305.621,90582.221,88006.30899999996,15868111.69250002
1764547200,90360.01,94150,83822.76,90395.31,80962.63932275947,66371.7016635313,98067.23444147636,104052.30342052542,94137.1942571741,149459.29022,38.95646132307481,,,,,,,,,90581.742,91430.673,86470.261,87156.527,87567.42566666663,15830751.051115353
1765152000,90395.32,94588.99,87577.36,88172.17,81081.80511907749,66588.62174648124,97713.8392828522,102539.90976142776,92148.85283811606,107997.17703,37.612959007131295,,,,,,,,,87154.234,90811.417,85108.958,88543.462,87481.74773333331,15786663.120621607
1765756800,88172.16,90365.85,84450.01,88658.86,81207.04569562167,66808.22610721277,97390.44716560749,101217.90502224416,90985.52189207738,116986.93155,38.116119750196475,,,,,,,,,88520.583,93134.449,86950.217,89861.108,87546.75246666664,15757915.653179646
1766361600,88658.87,90588.23,86420,87952.71,81318.54427916511,67018.61898176787,97053.38512397865,99954.55311536376,89974.58459471825,72081.43375,37.641756035044516,,,,,,,,,89861.025,95592.334,89192.926,93047.607,87900.25579999996,15725041.141327394
1766966400,87952.71,91810,86806.5,91529.73,81487.32420843511,67262.51063369057,96856.11172669369,99152.18900913863,90492.96639647883,85720.05743,41.60616855733613,,,,,,,,,93047.741,98775.842,92834.956,97711.937,88503.14586666664,15703461.350359168
1767571200,91529.74,94789.08,89311,91013.65,81644.7841388742,67498.84037862897,96647.45237931177,98377.09005588733,90666.52759765256,93800.8281,41.199206279368624,,,,,,,,,97709.731,101614.715,92540.775,96492.273,89196.78559999997,15675003.365378391
1768176000,91013.66,97924.49,90128.44,93673.14,81843.59993823165,67759.28117088143,96541.2269371935,97929.09481246948,91668.73173176838,106130.99963,44.22673661920768,,,,,44.22673661920768,,44.22673661920768,,96506.529,97785.02,92576.812,95763.178,88961.73279999997,15659363.378931973
1768780800,93673.14,93673.14,86074.72,86670.36,81923.38109627742,67947.45110947962,96188.69597515087,96856.83435413906,90002.60782117891,100317.13896,38.592160929384995,,,,,,,,,95763.458,104060.828,92999.365,102171.444,90712.23246666664,15635658.901769977
1769385600,86670.36,90600,75700,76968.21,81841.4774417935,68037.20990441016,95502.2500474669,94962.67965374487,85657.80854745262,175738.70675,32.42794390443511,,,,,,,,,102202.131,107044.284,89003.248,89517.687,91294.67153333331,15597474.974171028
1769990400,76968.22,79360,60000,70330.38,81651.21136837543,68060.0275173016,94603.2546886288,92616.74635338821,80548.66569830175,384283.11539,29.013487422829627,,,,,,,,,89519.28,97374.091,80179.261,80503.295,91212.46313333331,15526329.219163407
1770595200,70330.38,71453.53,65118,68832.58,81439.33316393947,68067.71460668168,93682.8734497492,90351.58765306552,76643.30379886783,163165.87355,28.289648221209234,,,,,,,,,80492.453,82832.449,76452,77128.011,91286.64973333331,15446419.643342227
1771200000,68832.59,70126.67,65631.83,67643.4,81211.30121081651,68063.4925707943,92752.8922551153,88188.90311467832,73643.33586591188,113602.18123,27.69879248523678,,,,,,,,,77119.577,81931.748,74982.54,78623.882,90828.58419999997,15363301.2479583
1771804800,67643.39,69988.83,62510.28,65776.47,80956.18003377822,68040.73612730381,91789.44860314688,86054.38567518516,71021.04724394126,174645.67528,26.75406025660618,26.75406025660618,,26.75406025660618,,,,,,78623.468,83113.36,76547.385,77830.739,89438.4787333333,15271465.968774749
1772409600,65776.48,74050,65259.21,65971.2,80708.4944133852,68020.14372802715,90867.36829589163,84141.70132516752,69337.76482929417,185435.28412,27.033610749870746,,,,,,,,,77829.779,93640.591,77038.126,82090.283,88468.24359999997,15206037.409905821
1773014400,65971.2,73913.74,65821.97,72815.24,80578.02739828792,68067.8561287433,90222.64942818122,83062.99072277061,70496.92321952945,173796.90567,36.24370616938111,,,,,,,,,82091.92,92005.969,80303.552,83088.676,87968.6739333333,15163392.22861203
1773619200,72815.25,76000,67360.66,67859,80367.79554046497,68065.77795830804,89423.94766288903,81614.99160631627,69617.6154796863,145050.61744,32.995657463353524,,,,,,,,,82975.155,93939.183,82975.155,86663.857,87935.82926666664,15110994.148637647
1774224000,67859,72026.09,65000,66010.93,80130.49197781265,68045.33170996666,88587.76846064298,80128.89050095281,68415.38698645752,137696.42185,31.849502454810263,,,,,,,,,86674.444,96059.858,85160.235,94221.464,88314.36273333331,15050472.417056063
1774828800,66010.93,69310,65712.12,69034.18,79947.0818624769,68055.17099643465,87889.42601562002,79072.25140562397,68621.65132430501,110218.58039,35.779570788761944,,,,,,,,,94228.139,94355.693,87876.539,91027.461,88392.11959999999,15006211.667567011
1775433600,69034.18,73790,67732.01,70740.98,79794.9148895434,68081.89546413181,87276.98151506216,78278.79698604073,69328.09421620335,121909.25954,37.954933023041136,,,,,,,,,91070.144,99063.447,87325.637,90770.038,88240.28166666665,14977776.633223582
1776038400,70741.56,78333,70566.99,73801.79,79695.85497401377,68138.80983762303,86795.72467523851,77852.41536832256,70819.32614413556,128729.92407,41.764574073327125,,,,,,,,,90874.223,109235.773,90549.961,95678.281,88104.70459999998,14964309.690157624
1776643200,73801.8,79472.82,73724.31,78657.55,79678.69290832759,68243.47391884071,86505.07557969428,77929.09485705374,73432.06742942371,94938.10789,47.29356603574963,,,,,,,,,95692.516,106266.316,93163.36,96211.792,88086.00586666663,14961167.0376589
1777248000,78657.55,79485.66,74937.52,78568.57,79660.34376934698,68346.2111932801,86221.62895184806,77989.99725162005,75144.23495294915,88811.52864,47.205122173409855,,,,,,,,,96216.259,105289.253,94359.452,103387.583,88594.29953333331,14949865.444575291
1777852800,78568.58,82850,78202,82210.07,79702.48800456438,68484.16003712807,86078.35898928206,78391.90894194195,77499.5133019661,113527.76932,51.2251937622793,,,,,51.2251937622793,,51.2251937622793,,103359.345,115692.661,98244.762,100430.269,88478.22119999997,14950452.362196788
1778457600,82210.07,82380,76735.16,77457.67,79665.38357473687,68573.44869347505,85770.47723966485,78302.93380461415,77485.56553464406,97802.77673,46.27310936772455,,,,,,,,,100458.764,110954.38,96070.613,100860.991,89234.44146666663,14941668.83273719
1779062400,77457.67,78200,74289.6,77064.96,79622.40136688999,68657.94134329121,85459.56590967682,78185.03153750804,77345.36368976271,87142.14908,45.87841900020045,,,,,,,,,100863.118,106605.753,99069.803,99127.591,90476.06119999997,14925422.57759946
1779667200,77064.96,78080,72512.49,73674.39,79524.08712942073,68707.85625529826,85038.6667700455,77755.44662917394,76121.70579317515,95966.20092,42.50728044501575,,,,,,,,,99101.289,107350.615,97010.225,105047.033,92337.3293333333,14901583.946672942
1780272000,73674.39,74092,59130.91,63332.01,79256.4494909179,68654.36524778286,84263.42902825816,76381.78599782404,71858.47386211676,231929.75118,34.241967083943024,,,,,,,,,105045.17,110971.042,97538.06,98912.762,93689.9213333333,14857927.11381752
1780876800,63332.01,65800,60755,65746.45,79033.14371420852,68625.43076770542,83602.10834867752,75368.89685517414,69821.13257474451,117630.09655,37.30673438740732,,,,,,,,,98911.573,103499.33,97238.489,101640.712,95277.25286666663,14829630.940905472
1781481600,65746.45,67292.15,65354,65904.01,78816.1332395935,68598.3519540964,82970.03340765332,74467.47905944327,68515.42504982968,34612.8814,37.511408852386396,,,,,,,,,101639.806,104803.381,101503.377,102806.39,96658.32666666665,14807326.106499333